0.87,2.7,2,0
1.71,208.6,72,0
1.59,55.7,20,1
1.74,255.4,58,0
1.74,29.4,74,0
0.44,2.5,45,0
2.33,7.6,43,0
1.73,4.5,89,0
1.73,277.5,23,0
1.51,53.2,52,1
1.70,68.3,29,1
0.19,4.2,12,0
1.71,68.7,-5,0
1.15,21.6,6,1
1.57,173.6,77,0
1.73,403.3,41,0
1.42,36.2,13,1
0.85,12.3,82,0
1.68,58.6,90,1
1.55,68.9,70,1
1.79,12.1,42,0
0.20,14.9,90,0
1.67,331.5,61,0
1.84,62.7,0,0
1.80,31.2,82,0
1.67,9.5,85,0
1.27,376.1,33,0
1.64,51.5,81,1
1.49,66.6,49,1
1.88,60.3,7,0
2.04,101.3,6,0
1.72,21.9,78,0
1.58,51.8,74,1
2.22,322.8,89,0
1.77,21.7,50,0
1.84,86.4,34,1
0.81,12.4,36,0
1.60,13.3,51,0
1.55,45.5,24,1
1.71,60.6,56,1
1.58,43.0,28,1
0.97,15.2,58,0
1.87,85.1,33,1
1.74,71.6,5,0
0.77,319.2,10,0
1.58,57.1,85,1
1.72,71.3,81,1
1.88,61.8,1,0
1.61,65.9,77,1
1.81,461.1,44,0
1.92,79.9,1,0
1.63,78.2,81,1
1.60,45.5,85,1
1.68,55.4,45,1
1.77,80.2,49,1
1.56,72.2,61,1
1.53,7.2,21,0
1.61,63.7,50,1
1.81,82.9,7,0
1.81,418.6,29,0
1.62,74.4,8,0
1.78,73.8,36,1
1.48,62.5,88,1
0.62,6.5,88,0
1.82,309.9,72,0
1.15,21.9,9,1
1.55,61.1,87,1
1.74,37.4,57,0
1.71,79.3,83,1
1.76,64.1,13,1
1.60,55.5,36,1
1.98,390.3,30,0
1.15,217.6,65,0
1.69,59.8,5,0
1.61,44.8,1,0
1.78,80.8,83,1
1.78,394.8,31,0
1.64,50.1,3,0
1.76,74.2,5,0
1.65,54.2,2,0
1.69,56.9,83,1
1.61,49.7,25,1
1.63,8.6,79,0
1.07,111.3,6,0
1.77,185.1,75,0
1.90,93.7,2,0
1.65,17.2,15,0
1.59,64.5,1,0
2.11,97.0,42,0
1.28,28.8,10,1
1.60,20.1,36,0
1.65,55.7,65,1
2.85,160.4,104,0
1.39,35.7,11,1
1.91,98.6,36,1
1.73,302.6,106,0
1.68,175.0,79,0
2.04,122.3,3,0
1.71,77.2,34,1
0.77,7.4,2,0
1.62,59.7,83,1
1.02,14.6,62,0
1.59,71.2,37,1
1.50,16.8,36,0
1.25,32.1,10,1
1.83,87.9,52,1
1.56,209.9,64,0
1.71,8.4,25,0
1.73,19.6,52,0
1.62,346.4,42,0
1.68,58.3,65,1
1.75,82.6,75,1
1.09,23.7,60,0
1.51,67.3,72,1
1.80,64.8,88,1
1.72,21.3,83,0
1.69,258.6,55,0
1.85,73.7,45,1
1.64,52.9,81,1
1.45,42.1,57,1
1.69,34.2,77,0
1.65,126.9,49,0
0.26,344.9,21,0
1.59,64.8,3,0
1.70,63.7,55,1
0.93,168.0,46,0
1.67,57.2,-3,0
2.00,78.7,8,0
1.83,66.4,43,1
0.82,4.5,2,0
2.03,90.7,2,0
1.66,55.2,89,1
1.58,60.5,46,1
1.56,43.3,4,0
1.73,338.7,56,0
2.01,102.0,1,0
0.84,12.2,2,1
1.52,59.1,61,1
1.64,20.8,31,0
0.99,20.3,4,1
1.45,36.9,12,1
1.74,72.5,7,0
1.57,59.1,55,1
1.06,252.2,44,0
1.58,59.2,42,1
0.38,254.8,68,0
0.75,9.3,42,0
1.67,63.5,24,1
1.53,45.1,43,1
1.86,437.6,85,0
1.69,71.5,74,1
1.22,96.1,9,0
1.32,2.4,23,0
2.85,299.2,28,0
1.64,4.8,88,0
1.63,17.0,46,0
1.05,20.4,6,1
1.78,32.4,19,0
1.64,61.2,8,0
1.72,71.9,31,1
1.73,342.1,72,0
1.77,60.8,67,1
0.63,7.5,79,0
1.64,391.8,49,0
1.67,417.6,28,0
1.82,82.9,4,0
1.71,47.2,35,1
1.45,244.2,107,0
1.14,21.8,6,1
2.75,124.6,64,0
1.65,59.7,58,1
0.84,12.3,43,0
1.87,65.5,41,1
0.30,11.8,83,0
1.54,65.8,77,1
1.52,107.8,79,0
0.69,7.6,77,0
0.27,303.7,103,0
1.55,72.0,2,0
1.60,5.6,55,0
1.93,101.8,2,0
1.77,70.2,79,1
1.59,64.7,2,0
1.82,79.3,5,0
1.57,66.4,74,1
1.63,41.1,39,1
1.77,68.7,27,1
0.85,109.6,2,0
2.33,217.2,65,0
1.69,70.0,49,1
1.48,39.6,12,1
1.56,107.7,96,0
1.58,51.4,13,1
1.03,17.7,28,0
1.05,19.3,8,1
1.60,63.4,23,1
1.62,65.5,77,1
0.69,8.8,1,1
1.84,8.3,65,0
1.69,49.6,8,0
1.81,85.6,32,1
1.67,70.2,38,1
1.69,80.4,18,1
1.79,91.4,68,1
0.64,276.0,113,0
1.86,58.9,3,0
1.55,54.3,67,1
1.67,65.8,27,1
1.60,55.3,61,1
1.69,372.9,24,0
0.75,8.7,26,0
1.72,90.9,37,1
1.69,46.5,61,1
1.62,59.8,35,1
1.69,69.9,2,0
1.89,79.6,5,0
1.78,77.4,61,1
1.71,72.8,74,1
1.54,46.9,75,1
1.75,71.2,18,1
2.07,12.1,17,0
1.66,33.9,22,0
1.18,22.8,8,1
1.76,64.1,72,1
0.61,6.1,41,0
1.59,3.9,84,0
1.93,97.8,5,0
1.72,68.3,85,1
1.58,64.0,44,1
1.52,59.7,40,1
1.83,391.1,72,0
1.14,22.0,7,1
1.74,180.1,26,0
1.79,77.4,-9,0
1.30,331.9,54,0
1.65,53.4,14,1
1.50,60.6,83,1
1.74,39.0,65,0
1.73,29.8,49,0
1.60,54.9,37,1
1.62,59.1,42,1
1.70,76.6,72,1
0.45,64.3,24,0
1.60,346.9,35,0
1.60,85.1,89,1
1.79,70.9,46,1
1.80,453.2,55,0
1.75,70.3,24,1
1.51,14.4,44,0
1.27,28.5,10,1
1.14,25.3,7,1
1.34,26.1,10,1
0.82,323.4,111,0
1.85,67.7,28,1
1.69,233.6,65,0
1.79,9.0,88,0
1.73,13.4,76,0
1.00,17.1,5,1
1.38,190.7,4,0
1.90,69.5,17,1
1.08,17.2,42,0
0.93,11.5,4,1
1.73,60.3,21,1
1.93,69.6,8,0
1.65,61.7,32,1
1.87,98.9,6,0
1.73,322.6,19,0
1.75,73.5,59,1
1.66,68.8,39,1
1.88,69.0,5,0
1.83,26.4,16,0
0.97,16.2,70,0
1.69,55.2,50,1
0.90,12.4,70,0
1.75,76.9,-4,0
1.47,37.2,76,1
1.72,28.9,45,0
1.78,58.2,78,1
1.45,13.4,60,0
0.67,133.1,58,0
0.79,9.8,37,0
1.60,46.4,2,0
1.22,29.4,7,1
1.65,69.7,68,1
1.73,73.4,34,1
1.53,51.5,12,1
0.98,20.1,5,1
1.62,19.5,65,0
1.67,64.6,69,1
1.45,178.6,14,0
1.81,80.9,4,0
1.65,59.2,49,1
1.55,68.2,85,1
1.30,4.1,72,0
1.65,206.8,45,0
1.60,52.1,52,1
1.71,80.9,86,1
1.89,138.1,80,0
1.62,70.8,49,1
1.77,86.4,85,1
1.69,71.6,24,1
1.57,38.1,-6,0
0.52,229.0,119,0
1.52,273.8,65,0
1.74,54.9,56,1
1.45,24.3,22,0
1.61,379.5,56,0
1.75,59.2,39,1
1.57,59.5,18,1
1.80,79.7,75,1
1.74,75.8,52,1
0.73,9.0,90,0
1.64,48.9,53,1
1.03,15.9,74,0
1.76,19.6,88,0
0.87,11.1,90,0
1.66,15.4,67,0
1.29,90.6,42,0
1.90,200.2,55,0
1.80,71.8,3,0
1.33,31.7,11,1
0.97,14.7,90,0
1.73,14.8,49,0
2.55,134.1,29,0
1.69,55.4,7,0
1.67,85.2,42,1
1.65,4.9,36,0
1.68,73.9,71,1
1.54,22.5,67,0
1.59,45.6,32,1
1.79,46.1,15,1
1.85,74.7,46,1
1.63,81.5,53,1
1.60,39.6,32,1
1.17,25.8,7,1
1.69,62.6,17,1
1.60,78.3,89,1
1.61,50.3,84,1
1.76,78.6,65,1
1.80,98.1,82,1
2.47,269.2,26,0
1.99,107.9,4,0
1.59,55.0,78,1
1.78,85.5,1,0
1.71,171.6,21,0
1.72,85.3,4,0
1.70,215.1,20,0
1.78,87.4,49,1
1.58,18.0,40,0
1.60,52.7,50,1
1.66,0.3,28,0
1.63,73.5,25,1
1.77,66.8,26,1
1.79,70.0,54,1
1.75,50.4,64,1
1.04,16.9,6,1
1.81,60.9,2,0
1.79,8.3,63,0
1.91,93.1,5,0
1.64,199.3,48,0
1.65,5.5,33,0
0.18,16.0,2,0
1.61,55.6,59,1
1.63,45.1,66,1
1.88,72.7,49,1
1.71,9.5,71,0
1.63,43.6,47,1
1.67,235.6,21,0
1.50,195.0,40,0
1.69,61.8,84,1
0.85,14.4,2,1
1.54,13.2,13,0
1.74,6.3,21,0
1.52,67.9,34,1
1.85,91.7,51,1
1.88,68.3,47,1
1.65,70.0,40,1
1.77,329.9,65,0
1.58,57.5,24,1
1.51,69.1,84,1
0.94,14.6,3,1
1.66,68.7,27,1
1.62,64.7,42,1
1.58,63.2,6,0
1.58,23.1,69,0
1.70,44.8,25,1
1.71,16.1,89,0
1.53,43.9,48,1
1.81,41.0,90,0
1.72,74.8,89,1
1.65,129.2,70,0
1.72,8.7,33,0
1.24,191.6,66,0
1.64,14.0,88,0
1.59,25.1,16,0
1.59,69.4,32,1
1.72,61.1,24,1
1.79,65.7,43,1
1.60,315.7,86,0
0.80,10.2,2,1
1.74,58.6,30,1
1.51,59.2,75,1
2.04,74.2,5,0
1.59,378.4,66,0
1.76,50.6,67,1
1.90,86.6,6,0
1.67,21.1,48,0
0.27,243.8,50,0
1.16,123.9,8,0
1.64,122.2,18,0
0.74,9.8,1,1
1.71,71.2,23,1
1.75,98.2,61,1
1.49,3.4,90,0
1.62,49.5,17,1
0.95,15.6,66,0
0.90,12.8,56,0
1.74,85.7,34,1
0.63,7.2,88,0
1.66,191.2,56,0
1.86,98.6,8,0
0.80,9.1,31,0
0.80,9.7,35,0
1.72,72.8,75,1
1.45,49.6,64,1
0.91,14.6,69,0
1.71,209.1,37,0
1.45,38.6,26,1
1.57,63.7,80,1
1.00,17.7,6,1
1.78,92.3,7,0
1.16,7.1,9,0
1.69,235.5,84,0
1.84,132.9,51,0
1.00,96.5,37,0
1.76,236.9,90,0
1.73,268.4,28,0
1.61,389.5,84,0
1.64,152.4,34,0
1.78,88.4,5,0
2.39,103.1,47,0
1.71,32.3,41,0
1.82,71.4,4,0
1.67,26.6,67,0
1.53,118.7,14,0
1.68,5.4,88,0
1.76,83.6,38,1
1.80,77.0,33,1
1.81,83.8,74,1
1.87,77.3,74,1
1.02,18.6,86,0
1.66,137.7,89,0
1.68,61.1,89,1
0.63,6.5,58,0
1.60,54.4,79,1
1.49,52.2,30,1
0.71,52.4,1,0
1.75,332.4,72,0
1.56,47.9,14,1
1.59,14.3,71,0
1.60,56.0,61,1
1.90,105.4,55,1
1.69,65.5,28,1
1.64,63.0,33,1
1.73,67.8,77,1
1.70,56.0,56,1
1.51,39.3,88,1
1.75,80.9,38,1
1.66,75.7,35,1
1.72,401.4,32,0
1.00,46.0,5,0
0.94,15.4,5,1
1.63,62.8,37,1
1.80,90.2,27,1
1.58,27.1,71,0
1.32,97.4,10,0
1.73,144.0,79,0
0.64,7.6,66,0
1.44,15.7,13,0
1.51,49.2,54,1
1.16,32.1,9,1
1.84,75.8,51,1
0.84,105.2,2,0
1.59,46.2,59,1
1.02,19.2,67,0
1.67,75.1,87,1
1.72,460.9,37,0
1.68,74.8,8,0
1.74,70.2,1,0
1.78,200.4,30,0
1.52,43.8,15,1
1.53,286.5,58,0
1.81,243.2,17,0
1.72,60.1,54,1
1.77,444.6,67,0
1.93,346.7,88,0
0.95,17.9,78,0
1.55,66.2,18,1
1.68,65.7,43,1
1.62,50.2,50,1
1.88,327.5,28,0
1.77,94.4,62,1
0.70,8.9,32,0
1.63,76.0,8,0
0.94,16.6,4,1
1.66,56.4,31,1
1.65,239.4,33,0
1.59,363.4,110,0
0.88,11.3,3,1
1.24,245.3,8,0
0.85,5.0,3,0
1.54,41.6,14,1
1.59,176.2,15,0
1.54,48.1,15,1
1.57,146.6,84,0
0.14,2.4,6,0
2.03,93.2,1,0
1.73,242.1,72,0
1.79,103.3,42,1
1.53,54.5,39,1
1.77,71.2,83,1
1.57,74.2,67,1
1.73,65.8,85,1
1.52,58.6,66,1
1.60,52.4,3,0
1.67,15.7,87,0
1.74,16.1,70,0
1.75,87.6,3,0
1.74,52.8,83,1
1.69,66.5,59,1
0.71,9.7,68,0
2.36,213.4,109,0
1.54,308.6,77,0
1.65,69.7,30,1
1.74,59.4,56,1
1.64,76.3,29,1
1.63,12.1,88,0
1.59,49.2,14,1
1.72,67.2,80,1
1.63,65.4,39,1
1.71,294.2,89,0
1.78,12.4,27,0
1.30,246.4,56,0
1.58,5.5,21,0
2.49,112.8,119,0
1.71,185.0,53,0
0.57,325.9,15,0
1.69,1.0,88,0
1.09,19.1,6,1
0.97,12.5,4,1
1.68,431.4,75,0
1.48,13.3,85,0
1.80,373.4,50,0
0.99,18.3,81,0
0.61,347.4,91,0
1.93,99.4,5,0
1.02,85.8,7,0
1.66,195.8,28,0
1.64,72.1,27,1
1.59,81.2,89,1
1.82,98.1,71,1
1.41,188.8,64,0
1.74,76.4,59,1
1.70,4.9,34,0
1.54,62.9,45,1
1.65,30.9,25,0
1.54,6.6,42,0
1.84,22.9,67,0
1.62,216.9,72,0
0.41,208.8,103,0
1.76,24.3,21,0
1.44,42.3,11,1
1.71,89.0,60,1
1.60,51.5,74,1
1.71,45.2,18,1
1.78,147.3,82,0
2.78,27.7,32,0
0.78,9.3,63,0
1.77,71.8,51,1
1.66,54.0,49,1
2.11,283.9,77,0
1.58,77.7,77,1
1.59,70.3,35,1
0.94,14.1,37,0
1.60,61.5,89,1
1.82,149.1,48,0
0.88,4.7,4,0
1.48,38.3,13,1
2.23,60.9,96,0
1.68,69.3,37,1
1.61,57.6,74,1
1.81,55.1,79,1
1.11,21.1,7,1
1.64,73.8,8,0
1.54,48.3,89,1
1.61,61.1,87,1
1.96,86.2,34,1
1.69,65.0,63,1
1.69,52.0,74,1
1.76,49.5,29,1
1.70,60.4,51,1
2.70,247.0,114,0
1.77,57.3,54,1
1.77,0.8,78,0
1.78,68.6,8,0
0.77,11.0,28,0
1.67,45.6,52,1
1.74,68.6,60,1
1.77,8.6,35,0
1.89,61.0,61,1
2.04,118.9,8,0
1.74,9.0,36,0
1.09,24.4,5,1
1.85,80.7,8,0
1.48,225.4,14,0
1.83,72.0,86,1
1.63,41.7,25,1
1.76,62.1,74,1
1.95,79.0,3,0
0.98,16.4,47,0
1.08,19.1,56,0
1.76,24.2,43,0
1.70,59.6,-2,0
1.56,57.5,60,1
1.64,53.2,83,1
0.88,14.8,38,0
1.30,28.8,12,1
1.69,55.3,65,1
0.21,233.3,99,0
1.69,60.5,2,0
1.71,16.7,78,0
1.68,66.1,72,1
0.58,138.1,62,0
2.29,392.9,49,0
2.03,122.7,4,0
0.94,15.0,3,1
1.60,66.8,43,1
2.09,205.4,25,0
1.45,55.4,62,1
1.77,31.6,61,0
1.64,49.1,70,1
1.68,50.0,83,1
1.68,60.3,61,1
1.04,16.8,69,0
1.62,51.6,79,1
1.96,89.6,1,0
1.57,58.1,8,0
1.73,66.9,80,1
1.63,68.8,6,0
1.70,67.8,7,0
1.42,180.4,12,0
0.84,58.0,2,0
1.55,47.6,4,0
1.72,56.0,43,1
1.85,99.2,21,1
1.65,69.6,50,1
1.30,77.5,10,0
1.76,76.9,21,1
1.70,79.1,8,0
1.77,214.2,80,0
1.61,49.4,1,0
0.87,12.5,3,1
0.68,313.1,107,0
1.71,61.1,3,0
1.50,68.7,68,1
1.69,55.8,17,1
1.74,72.4,61,1
1.87,412.5,58,0
0.90,4.5,4,0
1.52,66.9,53,1
0.79,11.7,48,0
0.68,7.0,62,0
1.10,24.1,77,0
1.72,81.3,49,1
2.01,78.0,5,0
2.00,87.8,5,0
1.89,102.6,72,1
0.93,12.7,48,0
1.72,289.1,70,0
1.00,17.6,76,0
1.65,77.3,45,1
1.55,85.0,22,1
2.44,347.4,72,0
1.25,9.8,10,0
1.68,64.7,26,1
2.00,112.5,2,0
1.64,41.5,56,1
1.56,374.1,88,0
1.84,79.2,62,1
1.79,68.9,17,1
1.40,291.3,88,0
1.91,66.7,3,0
1.82,211.4,62,0
1.39,37.5,13,1
1.61,151.3,50,0
1.63,42.9,36,1
1.47,164.3,21,0
1.38,262.0,11,0
1.63,54.5,28,1
1.70,70.1,30,1
1.64,44.8,59,1
1.71,70.1,28,1
1.23,14.6,9,0
1.67,62.7,-10,0
1.66,54.2,25,1
1.70,166.0,79,0
1.85,83.7,66,1
0.83,12.4,43,0
1.59,218.4,82,0
1.80,88.0,47,1
1.71,57.8,67,1
1.13,19.7,6,1
1.72,49.6,44,1
1.94,84.5,44,1
1.38,30.7,13,1
1.24,31.2,9,1
1.77,30.0,89,0
1.63,12.2,41,0
1.64,59.6,3,0
1.01,15.5,73,0
1.71,160.6,80,0
1.61,59.5,-6,0
1.90,102.5,51,1
1.45,41.8,47,1
1.60,68.2,62,1
1.76,69.9,82,1
1.60,15.5,18,0
1.45,292.5,13,0
1.47,49.0,83,1
1.61,56.2,55,1
1.88,73.9,48,1
1.42,43.4,10,1
0.97,317.7,26,0
1.78,16.5,30,0
1.90,76.4,4,0
1.67,65.2,56,1
0.68,6.7,41,0
1.68,53.3,86,1
1.61,57.1,89,1
1.69,6.0,19,0
1.56,7.2,39,0
1.79,156.5,77,0
1.72,416.0,86,0
1.67,43.6,62,1
1.79,5.5,76,0
1.53,250.3,111,0
1.70,71.9,49,1
1.10,21.9,6,1
2.58,381.0,42,0
1.56,53.6,6,0
1.72,22.1,81,0
1.57,136.1,11,0
1.59,72.4,83,1
1.63,51.2,7,0
1.84,94.2,4,0
2.60,245.7,88,0
1.83,81.8,22,1
1.85,159.9,39,0
1.67,64.5,67,1
2.33,304.2,67,0
1.75,49.4,57,1
1.55,147.5,68,0
1.86,69.9,2,0
1.59,15.8,52,0
1.80,105.0,73,1
1.64,254.3,91,0
1.74,77.8,26,1
1.68,70.6,67,1
2.57,224.0,79,0
1.72,80.0,59,1
1.89,84.9,78,1
1.57,60.3,37,1
1.64,388.3,76,0
1.64,69.7,61,1
1.69,57.0,41,1
1.67,68.7,53,1
2.53,43.0,7,0
1.70,15.3,27,0
1.58,113.8,28,0
1.45,51.5,79,1
1.72,69.9,47,1
1.79,50.3,59,1
1.72,14.4,15,0
1.67,55.9,54,1
0.79,9.6,2,1
1.71,82.9,43,1
2.56,324.2,111,0
1.57,54.8,90,1
1.63,69.6,73,1
2.70,306.4,94,0
1.58,48.6,5,0
1.67,27.7,46,0
1.16,21.8,7,1
1.76,71.5,8,0
1.70,255.6,18,0
1.70,69.0,47,1
1.59,50.6,52,1
1.95,90.9,8,0
1.60,39.8,40,1
1.73,69.8,81,1
1.90,92.5,7,0
1.54,36.8,44,1
1.76,69.9,35,1
1.05,7.1,5,0
1.67,67.7,39,1
1.74,182.9,91,0
1.68,390.9,77,0
0.77,36.8,2,0
1.68,48.1,77,1
1.68,65.1,54,1
1.64,71.1,71,1
1.65,79.0,61,1
0.68,8.2,66,0
1.81,75.2,65,1
1.18,27.6,8,1
1.64,57.9,71,1
1.66,71.0,84,1
1.50,304.3,15,0
1.51,68.7,70,1
1.70,68.6,62,1
1.47,64.4,69,1
1.59,51.7,46,1
1.53,55.7,76,1
1.62,63.5,39,1
1.91,339.0,62,0
1.58,69.1,78,1
1.54,50.5,72,1
0.92,6.1,3,0
1.80,87.3,37,1
0.97,14.7,80,0
1.62,377.8,76,0
1.38,34.2,13,1
1.60,80.1,46,1
1.74,76.4,19,1
1.31,172.5,10,0
1.53,46.7,13,1
1.55,47.3,14,1
0.88,12.1,48,0
1.68,60.3,50,1
1.75,239.6,78,0
0.89,11.9,29,0
1.84,523.3,48,0
1.72,15.4,43,0
1.53,5.3,39,0
1.79,10.9,42,0
1.63,69.9,3,0
1.73,61.4,29,1
2.22,313.5,62,0
0.74,9.2,58,0
1.54,190.6,76,0
0.74,7.9,77,0
1.77,65.1,78,1
1.89,97.6,1,0
1.60,45.1,39,1
1.72,22.4,71,0
2.46,292.7,47,0
1.71,60.5,35,1
1.54,67.4,83,1
0.92,204.7,67,0
1.50,39.8,13,1
1.62,321.4,66,0
1.72,72.8,37,1
0.63,6.4,47,0
1.77,57.1,16,1
1.79,72.5,44,1
2.41,111.4,55,0
1.69,72.4,66,1
1.55,18.0,20,0
1.86,98.9,57,1
1.79,19.4,42,0
1.63,71.6,47,1
1.57,50.8,17,1
1.82,16.4,45,0
1.72,61.5,36,1
0.82,11.1,25,0
1.65,56.9,57,1
1.49,62.5,63,1
1.48,43.7,14,1
1.67,60.3,35,1
1.15,9.6,7,0
1.76,208.2,17,0
1.74,83.3,90,1
1.71,232.2,59,0
1.63,403.8,25,0
1.72,14.1,37,0
1.33,34.8,11,1
1.75,70.1,47,1
1.54,54.2,85,1
1.86,257.5,34,0
1.73,65.4,18,1
1.71,79.1,5,0
0.94,15.1,5,1
1.58,152.7,18,0
1.52,41.9,95,0
1.79,23.7,78,0
1.93,68.3,7,0
1.67,83.0,36,1
1.63,67.2,35,1
1.78,79.1,45,1
1.78,77.5,4,0
1.82,57.3,2,0
1.79,69.3,82,1
1.71,288.2,31,0
1.67,62.4,51,1
1.98,105.5,1,0
1.52,44.2,64,1
1.49,43.2,12,1
1.70,299.3,90,0
1.83,6.8,86,0
1.81,55.1,85,1
1.82,57.7,1,0
1.82,9.6,23,0
1.56,369.7,70,0
1.77,69.9,58,1
1.93,91.2,5,0
1.07,21.9,41,0
1.63,46.8,15,1
1.53,53.7,77,1
1.76,58.1,51,1
1.06,21.8,42,0
1.89,74.7,82,1
0.82,176.5,54,0
1.56,11.2,72,0
1.47,6.8,40,0
1.69,65.9,24,1
1.53,324.8,12,0
1.64,61.0,39,1
1.56,263.4,68,0
1.65,53.6,40,1
1.69,75.0,61,1
1.68,12.0,50,0
1.63,61.5,65,1
1.04,19.7,5,1
1.02,21.0,5,1
1.83,78.5,35,1
1.12,105.7,7,0
1.01,297.5,54,0
1.63,59.3,32,1
1.57,228.7,15,0
1.72,147.3,67,0
1.91,76.1,28,1
1.71,386.1,26,0
1.67,71.5,30,1
0.62,6.2,64,0
1.73,73.6,78,1
1.70,35.2,80,0
1.71,52.1,36,1
1.68,67.2,51,1
1.70,50.1,39,1
1.60,404.6,54,0
1.60,39.7,72,1
1.59,43.8,44,1
1.66,58.8,88,1
1.78,20.6,84,0
1.67,28.1,72,0
1.64,55.7,81,1
1.62,76.2,7,0
1.74,6.0,69,0
1.86,93.2,1,0
1.14,26.6,9,1
0.81,9.4,1,1
1.66,14.6,69,0
1.84,58.2,72,1
1.74,46.8,69,1
1.64,76.4,63,1
1.64,213.1,48,0
1.29,27.9,9,1
1.67,81.3,73,1
1.15,21.6,7,1
1.71,0.6,67,0
1.83,74.7,40,1
1.67,64.8,30,1
0.96,13.4,75,0
1.81,90.5,82,1
1.72,56.2,5,0
1.55,43.8,14,1
1.60,50.2,16,1
1.70,75.7,32,1
1.65,54.0,54,1
1.57,12.1,75,0
1.69,48.7,71,1
1.61,4.0,68,0
0.21,131.6,34,0
1.59,31.8,90,0
1.70,78.7,20,1
1.61,154.0,44,0
1.69,59.4,51,1
1.91,359.1,63,0
1.24,185.9,108,0
1.68,64.1,4,0
2.61,269.8,59,0
1.63,48.2,40,1
1.66,76.9,24,1
0.61,140.5,38,0
1.22,30.4,12,1
1.84,58.3,3,0
1.64,58.0,56,1
1.70,72.3,72,1
1.61,68.6,55,1
2.01,103.1,2,0
1.71,73.7,39,1
1.66,45.9,19,1
1.54,65.2,41,1
2.02,111.1,3,0
1.04,207.4,78,0
1.10,17.2,86,0
1.85,88.3,32,1
1.50,3.5,13,0
1.68,184.2,76,0
1.64,341.7,79,0
1.61,180.6,20,0
1.56,4.7,14,0
1.82,96.9,84,1
1.67,11.1,28,0
1.74,18.8,36,0
1.61,58.9,87,1
1.66,61.3,81,1
0.66,8.5,83,0
1.70,84.9,69,1
1.73,65.4,45,1
1.25,145.2,7,0
1.03,17.4,86,0
1.76,21.6,23,0
1.64,66.8,86,1
1.65,42.3,57,1
1.71,60.8,83,1
1.69,50.1,32,1
1.58,78.9,56,1
1.43,239.9,31,0
1.67,70.8,29,1
1.61,63.6,57,1
1.60,363.1,115,0
1.74,7.8,21,0
1.62,49.8,17,1
1.57,268.1,31,0
1.83,68.7,50,1
1.73,72.2,31,1
1.92,6.9,54,0
1.55,15.0,59,0
1.66,71.2,65,1
1.57,5.2,20,0
1.32,181.6,11,0
0.96,2.7,4,0
1.86,84.2,37,1
1.73,62.3,82,1
1.50,303.9,16,0
1.72,74.0,90,1
0.69,35.2,1,0
0.70,8.9,78,0
1.87,79.4,5,0
1.08,16.4,79,0
2.77,151.6,28,0
1.50,35.0,45,1
1.00,122.9,5,0
1.58,44.7,77,1
1.68,62.1,75,1
1.50,62.7,23,1
1.69,50.0,28,1
1.72,66.9,32,1
1.80,75.2,19,1
0.80,9.5,1,1
1.64,76.0,75,1
1.71,60.9,17,1
2.27,162.4,19,0
1.57,285.5,44,0
1.42,33.0,12,1
1.77,39.9,63,0
1.63,67.2,25,1
0.28,14.0,53,0
1.68,12.0,35,0
1.75,15.9,57,0
1.62,362.0,36,0
1.80,65.1,70,1
0.47,164.1,6,0
1.56,121.8,50,0
1.82,80.7,7,0
1.61,183.0,22,0
1.54,60.7,72,1
1.84,92.8,39,1
1.73,29.3,66,0
1.76,307.9,44,0
1.67,281.8,46,0
0.66,77.8,100,0
1.67,69.7,26,1
1.69,44.4,63,1
1.25,7.4,11,0
1.49,233.8,52,0
1.45,284.5,61,0
1.70,65.8,68,1
1.78,17.9,54,0
1.65,62.7,28,1
2.00,106.2,4,0
1.66,0.7,7,0
1.48,47.8,41,1
0.98,18.8,35,0
1.79,5.5,48,0
1.53,61.7,82,1
1.64,31.5,79,0
1.61,413.4,41,0
1.84,81.6,83,1
1.77,338.4,45,0
1.67,154.8,42,0
1.29,25.5,11,1
0.82,74.1,2,0
1.85,72.1,87,1
1.63,5.3,25,0
0.08,8.9,37,0
2.40,255.6,57,0
1.70,326.5,38,0
1.64,339.9,24,0
1.74,13.9,39,0
0.74,7.9,72,0
1.66,61.2,64,1
1.61,375.3,62,0
1.67,51.9,55,1
0.53,78.2,22,0
1.63,67.4,65,1
1.60,72.9,7,0
1.69,57.8,34,1
1.33,26.9,12,1
2.06,174.8,70,0
1.51,11.6,23,0
2.31,163.1,40,0
0.08,12.3,22,0
0.89,14.5,4,1
1.77,466.5,30,0
0.90,12.2,57,0
1.67,67.5,46,1
1.69,35.1,22,0
0.67,7.3,26,0
1.84,255.0,30,0
1.61,66.8,81,1
1.56,58.7,18,1
1.78,54.5,1,0
1.14,22.1,6,1
1.82,98.8,64,1
1.81,54.3,79,1
0.76,8.8,36,0
1.65,58.8,90,1
1.78,369.7,42,0
1.70,61.6,44,1
1.66,58.3,20,1
1.81,340.5,97,0
1.67,57.1,81,1
1.09,20.6,63,0
1.22,28.9,8,1
0.45,285.9,96,0
1.72,156.7,31,0
1.83,70.3,25,1
1.54,4.6,36,0
1.60,71.3,-5,0
1.71,71.4,76,1
1.96,66.5,2,0
1.78,87.1,64,1
1.62,70.5,26,1
1.69,0.0,8,0
1.84,525.2,42,0
1.91,81.0,4,0
0.84,10.5,60,0
1.91,107.2,4,0
1.70,61.8,42,1
2.00,113.0,8,0
1.75,59.7,17,1
1.63,10.7,81,0
1.24,18.1,8,0
0.34,382.2,45,0
1.73,71.4,18,1
1.68,10.2,61,0
0.89,12.9,81,0
1.68,71.2,27,1
1.67,65.2,64,1
1.70,8.6,86,0
1.66,52.0,89,1
1.75,71.2,62,1
1.74,69.7,87,1
1.78,49.3,25,1
0.47,88.9,69,0
1.59,47.3,18,1
1.58,69.7,2,0
1.74,68.4,31,1
0.71,8.9,72,0
1.15,377.4,88,0
1.70,56.3,43,1
1.50,61.6,40,1
1.69,340.9,72,0
1.48,63.7,31,1
0.85,138.8,14,0
1.76,66.9,72,1
0.90,12.1,46,0
1.64,68.5,63,1
1.74,21.5,74,0
1.65,61.4,88,1
1.77,8.1,72,0
1.68,75.1,40,1
1.80,230.6,17,0
1.73,95.8,45,1
1.77,94.0,62,1
1.69,70.1,79,1
1.34,30.2,10,1
2.02,1.6,38,0
1.62,49.4,7,0
1.23,27.1,9,1
1.19,64.4,6,0
1.78,77.1,61,1
1.72,74.2,54,1
1.59,61.5,62,1
0.98,14.0,59,0
1.05,15.4,6,1
0.98,17.7,4,1
1.60,44.2,83,1
1.45,49.4,52,1
1.55,57.4,2,0
1.65,375.7,54,0
1.74,73.5,20,1
2.33,229.2,71,0
1.58,56.1,90,1
1.73,72.1,41,1
1.97,101.9,3,0
0.85,10.5,2,1
1.76,47.8,-3,0
1.81,72.8,67,1
1.64,18.3,27,0
1.65,158.2,63,0
1.45,35.1,15,1
2.27,149.9,62,0
1.87,65.4,17,1
1.66,324.4,74,0
1.71,70.0,41,1
2.73,209.7,80,0
0.82,11.6,63,0
1.57,26.0,62,0
1.71,55.3,83,1
1.56,69.2,2,0
1.54,57.7,71,1
1.61,66.0,23,1
1.99,68.5,4,0
1.61,411.3,89,0
1.67,65.9,61,1
1.78,61.8,89,1
1.59,40.3,64,1
1.74,65.2,16,1
1.81,90.5,53,1
1.01,19.2,89,0
1.77,76.4,36,1
1.93,15.8,62,0
1.86,75.4,30,1
2.62,100.2,55,0
0.34,36.1,34,0
1.63,60.5,36,1
1.73,64.9,81,1
1.79,319.1,23,0
1.66,194.8,88,0
1.55,50.4,5,0
1.13,115.9,8,0
1.67,51.4,26,1
1.54,263.2,27,0
1.26,15.3,10,0
0.93,12.2,28,0
2.22,340.1,84,0
1.69,61.0,38,1
1.74,0.9,85,0
1.77,78.7,5,0
1.78,180.8,69,0
1.49,13.5,48,0
1.50,40.3,73,1
1.83,82.8,20,1
1.75,71.9,41,1
1.61,56.5,28,1
1.78,398.2,90,0
1.55,67.6,42,1
1.67,75.2,48,1
1.77,84.1,25,1
1.55,291.2,47,0
1.56,39.5,15,1
1.55,60.2,38,1
1.83,30.5,61,0
1.50,53.0,44,1
1.72,35.9,87,0
1.75,85.5,82,1
1.60,49.0,15,1
1.60,63.5,7,0
1.70,71.6,34,1
1.04,18.9,57,0
1.07,10.7,8,0
1.75,68.2,82,1
1.50,20.5,14,0
1.57,352.3,81,0
0.65,7.0,77,0
0.76,9.2,64,0
1.68,66.2,72,1
1.89,89.1,2,0
1.57,74.2,70,1
1.77,70.0,90,1
1.52,25.0,79,0
1.63,62.4,22,1
1.63,56.8,46,1
1.00,192.1,44,0
1.87,70.7,84,1
0.83,12.4,2,1
1.56,55.8,73,1
2.39,297.1,24,0
1.74,56.9,66,1
1.74,68.1,31,1
1.77,88.4,55,1
1.64,58.0,38,1
2.03,102.3,3,0
0.90,63.8,40,0
1.64,51.7,50,1
1.76,10.9,62,0
0.76,10.2,37,0
1.13,386.8,79,0
0.76,10.1,55,0
0.95,14.5,4,1
1.74,78.4,20,1
1.89,79.2,72,1
1.55,25.7,35,0
1.59,70.5,54,1
1.31,32.9,9,1
1.63,48.6,17,1
1.49,0.3,88,0
1.67,72.9,35,1
1.74,37.6,67,0
1.79,75.5,45,1
1.75,238.2,51,0
1.45,47.0,40,1
1.76,68.2,42,1
1.51,52.2,41,1
1.91,24.1,82,0
1.49,46.3,13,1
1.70,68.9,65,1
1.56,254.6,60,0
1.05,21.4,89,0
1.54,27.6,61,0
1.60,48.8,72,1
1.61,394.5,76,0
0.93,13.7,86,0
1.89,67.9,89,1
2.62,52.9,53,0
1.89,13.9,50,0
1.70,45.0,49,1
1.63,44.0,87,1
1.59,23.9,52,0
1.52,139.2,81,0
1.79,86.0,53,1
1.83,69.1,28,1
1.71,9.8,17,0
1.63,306.1,36,0
1.78,90.2,84,1
1.55,47.6,80,1
1.87,76.3,7,0
1.55,63.7,74,1
1.58,47.6,14,1
1.67,48.0,3,0
2.89,135.4,33,0
1.62,212.8,86,0
1.63,383.3,15,0
1.64,52.6,8,0
1.53,314.9,70,0
1.69,61.7,19,1
2.06,330.0,10,0
1.76,89.8,46,1
1.64,74.2,74,1
1.66,61.1,66,1
0.10,6.2,50,0
1.59,61.5,62,1
1.24,27.3,9,1
1.32,225.6,12,0
1.59,62.2,38,1
2.00,91.6,2,0
2.93,370.6,42,0
1.60,53.4,58,1
1.67,209.2,75,0
1.58,52.7,16,1
1.58,62.2,89,1
1.70,69.7,86,1
1.84,87.9,77,1
1.59,32.7,88,0
1.70,213.2,22,0
1.72,8.3,62,0
1.86,178.4,93,0
1.59,65.0,72,1
1.58,46.6,77,1
1.69,69.0,21,1
0.80,3.7,1,0
1.58,9.4,55,0
1.64,74.2,3,0
1.61,274.9,36,0
1.53,57.1,86,1
1.69,69.5,5,0
1.75,64.6,26,1
1.62,55.9,63,1
1.75,61.7,72,1
1.82,12.7,28,0
1.56,1.0,83,0
1.79,77.3,35,1
1.84,160.8,86,0
2.72,45.4,57,0
1.62,332.1,76,0
1.67,55.1,22,1
1.62,328.8,88,0
1.88,380.3,72,0
1.65,56.1,15,1
1.70,81.7,80,1
1.62,60.0,64,1
1.51,55.1,62,1
0.15,19.2,29,0
1.69,11.5,52,0
1.04,17.7,80,0
1.73,78.7,19,1
1.77,416.6,42,0
1.73,460.4,30,0
1.73,90.8,19,1
1.99,85.5,2,0
1.81,96.9,5,0
1.89,88.8,75,1
0.89,47.5,75,0
1.62,25.2,18,0
1.54,44.6,51,1
2.05,76.1,42,1
1.59,59.5,5,0
1.69,13.9,24,0
1.58,65.4,1,0
0.85,70.6,3,0
1.85,321.5,74,0
0.60,5.2,28,0
1.70,53.8,16,1
1.93,103.5,22,1
1.73,68.9,83,1
1.74,78.9,43,1
1.65,71.9,41,1
1.59,153.5,72,0
1.70,44.8,67,1
1.82,86.3,83,1
2.51,12.0,97,0
1.76,185.7,74,0
1.19,26.7,8,1
0.69,7.0,72,0
1.69,68.5,59,1
1.73,58.2,81,1
1.69,230.2,58,0
1.59,54.4,16,1
1.68,52.6,20,1
1.75,29.3,54,0
1.73,11.8,76,0
1.77,61.8,51,1
1.57,38.1,58,1
1.56,251.7,15,0
1.79,63.6,16,1
1.45,245.9,46,0
1.77,19.3,34,0
1.84,9.2,85,0
1.86,61.5,1,0
1.67,71.3,3,0
1.83,60.2,80,1
1.61,40.0,14,1
1.70,72.5,81,1
1.64,48.9,89,1
1.88,84.0,72,1
1.68,208.3,55,0
1.59,7.0,84,0
1.74,246.3,75,0
1.57,19.3,53,0
1.51,35.6,49,1
1.52,13.0,55,0
1.64,68.4,27,1
2.00,259.5,66,0
1.54,47.1,73,1
1.01,194.0,59,0
1.62,305.7,50,0
0.87,7.4,4,0
1.86,88.1,63,1
1.68,75.6,88,1
1.55,65.2,3,0
1.69,75.9,88,1
1.76,487.0,74,0
0.94,14.9,85,0
1.71,13.4,89,0
0.69,8.0,83,0
1.86,68.3,65,1
1.61,63.7,25,1
1.84,82.7,54,1
1.59,75.2,82,1
1.69,58.9,50,1
1.69,54.3,15,1
1.61,63.7,34,1
1.53,51.8,66,1
2.53,206.2,102,0
1.68,62.6,73,1
0.88,50.0,4,0
1.54,17.4,90,0
1.66,74.3,24,1
1.04,18.6,68,0
1.63,70.1,31,1
1.64,215.7,78,0
1.71,321.1,54,0
1.89,73.7,17,1
1.17,234.7,115,0
1.20,20.4,7,1
1.52,52.4,26,1
1.67,66.7,2,0
1.71,37.1,37,0
1.66,433.2,29,0
0.89,110.5,3,0
1.85,76.6,6,0
1.83,36.8,76,0
0.97,15.0,28,0
1.83,20.2,33,0
1.96,94.2,3,0
0.65,6.0,76,0
1.66,79.7,49,1
1.73,75.8,18,1
0.94,15.4,35,0
1.58,61.6,24,1
1.69,447.1,79,0
1.87,83.5,4,0
1.88,69.2,51,1
1.54,7.9,79,0
1.73,243.9,17,0
1.52,5.8,73,0
1.45,57.7,28,1
2.41,108.6,5,0
1.88,84.5,36,1
1.45,179.6,34,0
1.73,15.0,66,0
1.74,85.7,23,1
1.59,7.3,75,0
1.78,64.6,70,1
1.82,75.2,26,1
1.87,79.9,5,0
1.44,34.1,15,1
1.73,232.4,24,0
0.83,10.3,46,0
1.63,63.8,47,1
1.64,411.9,68,0
1.50,17.4,73,0
1.68,91.9,60,1
1.84,480.6,22,0
1.81,292.5,68,0
0.61,7.4,74,0
1.54,53.2,69,1
1.57,341.4,27,0
1.69,51.7,17,1
1.78,9.7,83,0
1.01,11.6,5,0
1.62,40.9,41,1
1.54,120.6,55,0
1.56,179.4,14,0
1.60,209.0,78,0
0.93,15.6,4,1
1.78,9.0,52,0
1.98,86.2,83,1
1.07,21.2,7,1
1.65,16.6,26,0
0.07,11.8,39,0
1.56,47.7,3,0
1.69,62.7,77,1
1.74,32.6,70,0
1.62,168.3,30,0
1.83,35.5,43,0
1.57,57.3,70,1
1.00,15.4,82,0
1.75,52.8,1,0
1.96,113.7,7,0
1.65,63.6,70,1
0.81,10.6,65,0
1.88,83.5,75,1
1.78,171.4,55,0
0.76,11.1,75,0
1.54,306.8,12,0
1.58,62.7,43,1
1.56,347.7,14,0
1.63,64.4,86,1
1.20,27.7,9,1
1.69,71.7,63,1
2.02,91.9,2,0
1.72,36.2,42,0
1.82,17.1,74,0
1.55,64.9,-8,0
1.58,233.3,65,0
1.60,78.2,67,1
1.60,67.0,83,1
1.61,74.0,5,0
1.85,14.2,47,0
1.73,75.7,63,1
1.68,84.2,21,1
0.31,42.8,96,0
1.67,83.9,82,1
2.13,120.3,102,0
1.85,86.2,77,1
1.56,1.0,93,0
1.74,186.8,71,0
1.59,30.1,86,0
0.19,14.0,89,0
2.02,83.3,2,0
0.69,206.5,20,0
1.58,60.8,29,1
1.77,213.6,41,0
1.48,46.9,22,1
1.64,65.3,52,1
1.66,82.7,80,1
1.56,61.3,69,1
1.57,14.4,63,0
1.78,70.8,41,1
1.79,89.5,23,1
1.21,83.9,9,0
1.92,69.9,8,0
1.68,68.1,21,1
1.71,65.2,58,1
1.59,153.5,33,0
1.13,173.9,7,0
1.90,100.2,6,0
1.64,68.2,86,1
2.91,253.9,40,0
1.70,324.3,80,0
0.68,7.6,48,0
1.91,476.9,34,0
0.78,9.8,80,0
0.86,12.3,37,0
1.59,342.1,38,0
1.68,43.6,27,1
1.76,63.5,74,1
1.55,40.9,86,1
1.61,77.0,25,1
1.05,97.8,6,0
1.25,194.9,10,0
1.50,44.3,14,1
1.44,26.3,12,0
1.68,68.3,6,0
1.17,23.1,7,1
1.84,70.2,17,1
1.10,19.9,44,0
1.65,242.3,64,0
1.69,58.6,81,1
1.76,12.6,26,0
0.08,2.2,83,0
1.26,115.9,4,0
1.76,66.7,59,1
1.47,43.9,20,1
1.67,77.5,38,1
1.52,5.0,84,0
1.83,80.8,37,1
0.21,289.5,63,0
1.47,68.0,22,1
1.86,186.6,82,0
0.97,15.3,72,0
1.80,91.3,84,1
1.82,12.3,45,0
1.07,103.8,5,0
1.80,65.0,60,1
1.65,73.9,82,1
1.73,76.0,68,1
1.67,51.4,68,1
1.49,62.9,20,1
1.63,59.3,76,1
1.54,24.6,25,0
1.80,285.0,57,0
1.81,61.9,3,0
1.30,28.1,10,1
0.62,6.0,42,0
1.53,14.0,29,0
1.86,67.0,17,1
2.66,158.6,38,0
0.85,77.6,2,0
1.65,70.5,77,1
1.69,410.0,52,0
2.46,242.4,55,0
1.58,42.2,81,1
1.44,41.4,11,1
1.88,65.9,4,0
1.59,76.8,52,1
1.67,83.0,61,1
1.66,68.1,31,1
1.70,51.0,49,1
1.82,89.4,71,1
0.38,104.0,50,0
0.84,13.5,33,0
2.02,88.9,2,0
1.60,61.3,4,0
1.08,16.2,7,1
1.72,87.1,44,1
1.72,58.5,50,1
1.74,93.3,44,1
1.60,27.2,13,0
1.31,5.3,9,0
0.99,16.6,25,0
1.94,83.5,30,1
1.74,407.3,67,0
1.60,70.5,68,1
1.63,46.2,16,1
1.50,17.5,79,0
1.53,365.2,39,0
1.48,40.4,13,1
1.56,250.7,54,0
1.64,16.4,83,0
1.69,269.0,13,0
1.65,407.7,17,0
1.78,78.1,77,1
1.42,32.9,11,1
1.89,97.2,6,0
1.76,63.6,83,1
1.53,38.3,84,1
1.76,15.2,57,0
1.70,54.8,24,1
2.69,321.3,53,0
1.56,44.8,16,1
1.73,59.3,87,1
1.60,53.8,64,1
1.13,22.4,6,1
1.58,5.1,81,0
1.66,56.9,29,1
1.63,343.2,61,0
1.74,66.7,47,1
1.76,29.6,17,0
1.76,28.6,49,0
1.41,40.1,14,1
1.15,23.2,8,1
1.64,77.0,4,0
1.70,48.7,62,1
2.38,239.9,12,0
1.60,12.7,25,0
1.66,173.7,55,0
1.74,72.7,51,1
1.75,66.4,58,1
1.73,50.8,-7,0
1.69,62.4,58,1
1.38,89.5,11,0
1.68,9.3,19,0
1.54,50.5,89,1
1.56,19.3,20,0
1.66,65.9,76,1
1.76,68.0,51,1
1.57,60.2,90,1
1.73,452.7,57,0
1.75,48.4,64,1
1.36,18.2,12,0
1.88,76.8,2,0
1.50,4.9,46,0
1.65,61.4,6,0
1.56,47.9,42,1
1.64,53.3,1,0
2.01,77.3,6,0
1.84,85.4,59,1
1.82,22.0,67,0
1.59,56.0,44,1
1.70,168.6,47,0
1.59,54.3,90,1
1.53,149.2,70,0
1.59,48.6,54,1
1.56,13.8,82,0
1.68,341.6,40,0
1.69,82.1,18,1
1.72,46.0,66,1
1.83,96.3,23,1
1.58,47.5,47,1
1.65,48.3,1,0
1.73,73.8,19,1
1.65,370.1,68,0
1.34,22.9,11,0
1.89,38.4,90,0
1.83,10.6,35,0
1.71,447.7,58,0
1.54,55.2,60,1
0.83,11.3,33,0
1.57,38.4,90,1
0.92,112.9,3,0
1.70,84.4,27,1
1.54,58.4,35,1
1.64,56.1,14,1
1.45,268.9,76,0
2.57,354.7,34,0
1.58,351.5,82,0
1.76,80.9,44,1
1.55,38.2,14,1
1.74,57.3,2,0
1.63,54.0,14,1
1.59,51.6,15,1
2.36,340.2,19,0
1.69,85.8,28,1
2.51,206.0,109,0
1.52,347.0,51,0
1.74,79.8,43,1
1.17,67.2,9,0
1.35,31.0,12,1
1.73,77.6,65,1
1.83,76.4,39,1
1.70,67.1,75,1
1.64,325.6,57,0
1.48,14.6,52,0
1.77,22.0,69,0
0.86,57.7,2,0
1.66,18.4,87,0
1.57,64.4,35,1
1.55,47.6,1,0
1.86,34.2,55,0
1.58,0.5,69,0
1.58,62.5,37,1
1.78,403.0,86,0
0.59,55.3,81,0
1.78,49.1,74,1
1.73,13.6,53,0
1.62,289.2,74,0
1.67,43.0,44,1
1.76,80.0,31,1
1.78,244.4,52,0
1.70,9.9,83,0
1.71,55.0,37,1
1.77,344.9,70,0
1.52,163.9,73,0
0.68,6.9,75,0
1.65,66.5,46,1
1.74,250.3,22,0
1.62,64.8,47,1
1.73,0.3,28,0
1.73,79.8,57,1
1.71,15.5,24,0
1.69,68.4,86,1
1.76,471.9,81,0
2.24,166.2,99,0
1.59,55.8,65,1
1.69,19.0,34,0
1.61,24.3,78,0
2.24,51.3,94,0
1.55,23.9,15,0
1.78,83.0,21,1
1.55,352.9,79,0
1.77,67.5,84,1
1.15,23.1,6,1
1.58,343.0,90,0
1.66,64.9,19,1
1.63,52.0,1,0
0.98,15.8,74,0
1.79,90.4,38,1
0.85,11.6,70,0
1.70,55.0,69,1
1.60,64.3,86,1
1.76,74.5,35,1
1.08,20.0,7,1
1.65,69.9,-2,0
1.60,48.2,23,1
1.81,91.1,4,0
0.95,14.0,55,0
1.58,67.8,84,1
1.64,333.3,72,0
1.65,68.7,84,1
1.75,16.7,17,0
1.76,67.4,8,0
1.60,41.6,79,1
1.65,163.9,58,0
1.13,83.3,119,0
1.73,51.6,3,0
1.53,344.3,36,0
2.55,87.8,32,0
1.64,70.0,59,1
2.02,283.6,82,0
1.23,160.1,11,0
1.72,35.5,86,0
1.64,350.0,50,0
1.54,45.4,13,1
1.83,10.6,48,0
1.65,55.2,7,0
1.82,310.8,37,0
1.87,101.5,1,0
0.91,121.1,3,0
1.65,73.2,8,0
1.72,99.4,36,1
1.73,59.5,16,1
1.49,57.4,65,1
1.80,511.8,68,0
2.55,285.4,18,0
0.90,12.5,75,0
1.76,48.2,32,1
0.98,50.8,5,0
1.75,81.9,71,1
1.77,13.0,90,0
1.82,5.2,55,0
1.03,20.4,54,0
1.67,305.2,50,0
0.65,100.8,103,0
0.76,11.2,3,1
1.67,67.1,29,1
1.60,68.1,51,1
1.78,75.6,61,1
0.76,59.2,6,0
1.61,40.0,51,1
1.58,59.0,51,1
1.49,260.2,54,0
1.65,400.0,66,0
1.44,29.8,11,1
1.97,101.1,6,0
1.78,76.0,84,1
1.41,40.0,12,1
1.63,41.4,87,1
1.53,21.9,21,0
0.99,17.9,5,1
1.60,69.7,82,1
1.75,12.0,50,0
0.28,223.3,55,0
1.69,1.0,11,0
1.81,90.4,75,1
1.71,62.4,4,0
1.87,204.6,70,0
1.04,230.5,102,0
1.30,28.9,11,1
1.73,273.5,41,0
1.66,6.6,50,0
1.59,74.0,4,0
1.74,67.1,16,1
1.33,251.1,96,0
1.67,62.0,29,1
1.19,28.7,9,1
2.54,89.8,99,0
1.66,55.4,31,1
1.52,54.5,20,1
1.63,8.2,24,0
2.40,191.0,60,0
2.93,164.7,39,0
1.85,69.9,48,1
1.72,62.1,43,1
1.38,26.8,11,1
1.80,74.5,87,1
1.85,95.3,8,0
1.01,17.1,5,1
1.84,58.4,59,1
1.71,59.1,25,1
1.62,42.0,21,1
2.03,73.1,7,0
1.48,54.4,39,1
1.55,58.5,19,1
1.62,61.8,61,1
1.95,82.5,1,0
1.57,85.7,63,1
1.68,16.9,32,0
0.24,8.9,42,0
1.66,65.3,42,1
1.54,29.8,75,0
1.58,15.1,72,0
1.72,28.4,69,0
1.02,19.8,66,0
1.75,72.3,22,1
1.64,13.5,63,0
1.62,69.1,53,1
1.74,94.1,82,1
1.74,23.6,89,0
1.73,16.5,86,0
1.74,68.5,61,1
1.71,14.3,33,0
1.65,72.7,68,1
0.28,1.4,73,0
1.62,206.8,76,0
1.23,25.6,8,1
1.07,68.4,7,0
1.51,54.8,53,1
1.74,84.6,8,0
1.65,148.0,47,0
1.82,93.7,61,1
1.60,64.7,49,1
1.68,76.2,2,0
1.37,42.8,89,0
1.69,79.9,20,1
1.88,81.2,1,0
1.62,60.5,49,1
1.56,49.3,16,1
0.62,7.6,47,0
1.73,13.3,35,0
1.63,56.1,6,0
1.01,20.3,57,0
1.67,135.7,73,0
1.63,360.5,83,0
1.68,51.2,77,1
1.45,24.5,88,0
1.45,38.8,10,1
1.77,7.7,19,0
1.81,11.7,86,0
2.30,289.3,58,0
1.76,55.2,43,1
1.87,76.3,85,1
1.79,21.9,71,0
1.62,71.4,42,1
1.75,48.7,60,1
2.94,386.4,6,0
1.70,57.6,26,1
1.66,55.3,88,1
1.61,78.0,59,1
1.51,52.0,80,1
0.72,7.4,41,0
2.95,390.7,80,0
0.60,7.0,82,0
1.92,102.6,5,0
0.83,10.7,53,0
1.45,38.6,14,1
1.60,84.1,32,1
1.70,44.8,79,1
1.52,235.8,16,0
1.59,52.9,62,1
1.78,74.3,39,1
1.68,13.1,32,0
1.58,64.4,37,1
1.76,32.0,64,0
1.67,74.8,70,1
1.74,54.4,43,1
1.61,66.0,42,1
1.61,65.3,26,1
1.70,286.9,47,0
1.11,22.0,6,1
1.50,49.2,83,1
1.87,60.1,6,0
1.65,59.0,53,1
1.65,71.6,42,1
1.63,71.8,26,1
1.85,81.0,75,1
1.00,18.0,5,1
1.57,67.8,23,1
2.01,267.1,67,0
1.73,70.2,22,1
1.71,75.2,8,0
1.53,0.8,75,0
1.64,75.1,48,1
1.78,58.4,16,1
1.72,86.0,87,1
0.97,217.1,67,0
1.73,75.7,29,1
1.59,30.0,39,0
0.21,3.9,65,0
1.68,49.6,16,1
1.62,28.5,72,0
1.77,24.1,19,0
1.61,68.8,49,1
1.69,396.0,55,0
2.84,262.8,92,0
1.45,44.3,59,1
1.57,62.7,39,1
1.67,70.4,59,1
1.70,53.9,65,1
1.72,88.7,32,1
1.66,47.2,17,1
1.66,7.5,56,0
1.66,139.6,85,0
1.55,57.9,5,0
1.97,89.8,4,0
2.53,183.5,111,0
1.63,389.7,13,0
1.65,147.5,21,0
1.56,53.7,13,1
2.51,161.8,90,0
1.64,297.5,78,0
1.60,81.1,75,1
1.39,39.4,12,1
1.65,383.6,25,0
1.71,73.1,41,1
1.60,85.4,76,1
1.72,284.3,64,0
1.74,338.0,13,0
1.76,439.3,24,0
0.27,82.1,2,0
1.62,167.3,88,0
1.48,41.1,12,1
1.53,154.1,13,0
1.00,15.8,56,0
1.00,17.8,5,1
1.33,379.8,31,0
1.43,37.3,12,1
2.01,107.7,5,0
0.65,8.4,26,0
1.69,71.5,55,1
1.64,64.2,36,1
1.70,75.0,78,1
1.64,52.5,54,1
1.41,36.0,11,1
1.54,42.3,75,1
1.66,67.3,89,1
1.59,63.6,72,1
1.15,128.7,18,0
1.65,71.0,62,1
1.78,68.2,73,1
1.76,58.1,41,1
1.77,337.8,69,0
1.70,78.0,85,1
1.55,25.8,21,0
1.54,49.3,14,1
1.70,55.5,5,0
0.54,133.9,33,0
0.94,17.2,50,0
1.03,3.4,5,0
1.72,92.1,81,1
1.90,86.6,88,1
1.74,69.2,41,1
1.83,99.2,7,0
0.73,7.7,47,0
1.88,70.8,7,0
1.15,10.1,6,0
1.76,8.1,80,0
1.85,71.7,19,1
1.35,20.5,81,0
1.67,8.0,82,0
1.69,69.6,59,1
0.90,13.0,2,1
1.12,4.9,7,0
1.68,7.8,26,0
1.71,64.8,35,1
1.63,31.7,75,0
1.69,50.7,82,1
0.96,17.5,80,0
1.60,9.4,67,0
1.39,39.0,11,1
1.74,8.1,86,0
1.73,73.5,87,1
1.05,343.8,102,0
1.73,77.0,84,1
0.84,12.4,81,0
1.46,13.3,36,0
1.77,70.7,82,1
1.63,20.6,64,0
1.79,465.9,23,0
1.57,352.1,14,0
0.40,165.1,97,0
0.78,9.4,33,0
1.74,374.9,88,0
0.09,10.0,20,0
2.03,91.3,8,0
1.71,199.3,44,0
1.64,5.6,56,0
1.86,53.6,31,1
1.51,74.1,87,1
1.57,63.9,25,1
1.24,28.7,9,1
1.60,139.5,64,0
1.83,98.9,3,0
1.53,328.9,39,0
1.66,340.7,34,0
1.16,21.2,8,1
1.65,63.1,37,1
1.62,70.5,5,0
1.52,51.7,87,1
1.70,73.6,63,1
1.70,221.5,80,0
0.83,10.5,54,0
1.68,8.6,16,0
1.56,51.2,14,1
1.69,129.0,18,0
1.63,79.5,62,1
1.12,22.8,8,1
0.91,3.6,3,0
1.67,33.2,53,0
1.61,52.3,41,1
0.93,167.3,3,0
1.94,101.1,7,0
1.80,87.7,63,1
1.56,68.7,39,1
1.78,102.7,63,1
1.34,267.5,10,0
1.87,68.2,65,1
1.67,53.2,17,1
1.64,66.9,49,1
1.61,60.1,38,1
1.80,67.4,39,1
1.82,88.8,1,0
0.08,12.9,79,0
1.29,31.5,8,1
1.04,121.7,17,0
1.40,33.5,10,1
1.49,60.1,28,1
0.95,13.0,40,0
1.69,270.3,85,0
1.90,74.4,75,1
1.75,62.2,50,1
1.73,73.3,30,1
1.52,83.9,100,0
1.76,0.3,75,0
1.67,188.3,69,0
1.77,68.3,27,1
2.09,233.2,108,0
1.57,69.9,72,1
1.66,263.6,39,0
1.70,77.3,39,1
1.78,90.5,58,1
1.69,17.3,64,0
1.70,63.6,19,1
1.78,21.5,56,0
0.98,17.9,75,0
2.67,160.3,96,0
1.05,19.8,43,0
1.37,215.6,10,0
1.77,81.5,89,1
1.60,53.0,48,1
1.68,356.2,46,0
1.79,60.7,75,1
1.52,44.7,28,1
1.73,80.1,54,1
1.97,26.7,43,0
1.72,72.6,86,1
1.80,67.7,82,1
0.95,16.9,32,0
1.81,190.3,38,0
1.70,183.5,47,0
1.38,193.6,108,0
1.63,8.3,44,0
1.65,12.2,40,0
1.77,74.6,40,1
0.91,15.4,35,0
1.82,284.2,57,0
1.56,65.4,54,1
0.21,14.6,14,0
1.61,52.4,8,0
1.65,12.8,34,0
1.67,35.5,65,0
1.65,57.6,73,1
1.58,64.0,82,1
1.88,88.5,4,0
1.28,8.4,9,0
1.50,250.0,12,0
1.72,65.3,4,0
1.65,26.3,89,0
1.79,88.1,59,1
1.54,228.5,86,0
1.65,252.8,55,0
1.80,74.3,90,1
1.51,13.2,21,0
1.64,47.0,40,1
1.62,65.4,8,0
0.72,9.8,75,0
1.58,59.3,53,1
1.86,59.1,41,1
1.68,162.5,46,0
1.85,69.3,78,1
1.43,97.6,102,0
1.76,70.8,62,1
1.82,5.9,84,0
1.50,49.4,55,1
1.56,51.1,8,0
1.50,48.9,75,1
0.91,102.2,5,0
1.69,146.1,30,0
0.68,8.9,26,0
1.57,46.8,51,1
1.71,45.5,56,1
1.63,53.6,41,1
1.57,51.0,85,1
1.64,205.9,74,0
1.67,61.1,27,1
1.68,73.8,25,1
1.65,79.2,90,1
0.86,12.4,2,1
1.58,53.5,70,1
1.67,67.8,89,1
2.03,115.7,3,0
2.00,114.7,8,0
1.63,65.4,88,1
1.78,58.2,7,0
1.53,7.9,58,0
1.77,87.2,43,1
1.56,11.3,63,0
1.07,8.8,6,0
1.06,98.3,6,0
1.65,324.0,60,0
1.81,76.9,63,1
1.51,351.5,45,0
1.99,69.8,2,0
0.61,6.8,72,0
1.26,343.5,95,0
1.78,51.4,69,1
1.63,24.6,66,0
1.86,66.3,20,1
1.58,7.0,67,0
1.61,66.9,39,1
0.97,13.6,31,0
2.16,73.2,88,0
1.62,58.3,87,1
1.68,70.6,63,1
1.82,182.6,20,0
1.40,33.9,12,1
1.64,73.9,60,1
1.83,64.2,17,0
1.53,9.4,57,0
1.70,13.8,88,0
1.68,102.7,68,1
1.89,76.5,3,0
1.65,0.1,5,0
1.69,49.2,48,1
1.72,76.7,2,0
1.64,356.4,73,0
1.67,66.4,25,1
1.79,49.4,85,1
1.79,65.5,16,1
0.23,346.1,119,0
1.74,62.1,87,1
1.62,60.2,83,1
1.29,27.5,9,1
1.02,14.8,68,0
2.18,59.8,81,0
1.78,341.2,17,0
1.63,60.6,40,1
1.73,21.6,48,0
0.78,72.8,1,0
0.91,13.6,90,0
1.54,63.7,30,1
1.84,85.6,37,1
1.70,55.3,63,1
0.69,7.7,81,0
1.18,125.1,19,0
1.73,20.6,32,0
1.60,64.8,84,1
1.52,180.1,47,0
1.61,46.0,33,1
1.84,87.8,56,1
1.49,309.5,12,0
1.56,45.4,2,0
1.51,321.6,84,0
1.85,520.4,25,0
1.62,16.3,39,0
1.68,75.7,30,1
1.87,410.3,82,0
1.58,38.9,39,1
1.93,87.9,59,1
1.76,70.6,44,1
1.09,16.7,26,0
1.83,73.8,71,1
1.68,58.4,33,1
1.79,63.4,27,1
2.01,87.8,1,0
1.96,108.0,7,0
1.52,67.4,88,1
1.78,24.4,27,0
2.28,302.5,112,0
1.70,82.7,31,1
0.96,13.6,68,0
0.68,7.6,68,0
2.02,84.4,5,0
1.45,198.4,48,0
1.42,40.7,12,1
1.69,37.0,47,0
1.86,102.7,6,0
1.70,13.0,85,0
1.53,291.5,48,0
1.66,56.0,75,1
1.74,60.7,81,1
1.71,65.1,1,0
1.59,39.3,38,1
1.75,82.3,69,1
1.79,60.1,55,1
1.34,315.1,10,0
1.58,72.4,-6,0
1.81,66.2,64,1
1.90,443.8,18,0
1.63,54.0,32,1
1.72,63.5,25,1
1.73,36.7,79,0
1.56,44.2,12,1
1.81,0.4,76,0
1.66,65.2,39,1
1.55,55.5,32,1
1.09,19.6,6,1
1.45,0.4,83,0
1.67,21.9,89,0
1.69,64.7,44,1
1.47,259.6,71,0
1.72,21.0,27,0
1.70,48.3,28,1
1.61,11.8,77,0
0.97,17.3,6,1
1.50,45.3,53,1
1.64,67.0,65,1
1.53,47.3,75,1
1.68,65.0,77,1
1.78,66.7,45,1
1.18,380.4,120,0
1.70,62.0,3,0
1.61,64.6,57,1
1.03,16.2,79,0
1.77,20.8,27,0
1.73,74.4,86,1
1.67,57.9,45,1
1.77,287.0,43,0
1.56,81.0,39,1
1.58,44.5,3,0
0.04,18.2,40,0
1.47,16.8,12,0
0.89,12.3,49,0
1.74,458.9,90,0
1.60,59.4,71,1
1.68,19.6,22,0
1.74,407.4,36,0
1.31,28.1,10,1
1.80,382.6,77,0
1.76,90.8,63,1
0.12,8.4,2,0
1.75,65.1,82,1
1.88,71.2,7,0
1.78,69.0,64,1
1.67,73.6,0,0
1.48,288.6,103,0
1.74,77.3,4,0
0.88,11.5,4,1
1.75,72.6,41,1
1.10,8.8,7,0
1.79,68.8,20,1
1.08,18.5,33,0
1.54,314.0,73,0
1.75,71.0,55,1
1.56,173.6,80,0
1.67,72.3,52,1
1.84,99.2,3,0
1.77,9.3,35,0
1.55,231.7,120,0
1.72,65.0,34,1
1.20,23.4,10,1
1.70,69.0,90,1
1.57,30.6,58,0
1.61,183.0,48,0
1.70,66.5,30,1
0.73,82.2,2,0
0.88,315.3,28,0
0.62,9.5,88,0
1.06,16.9,85,0
0.04,1.5,12,0
1.60,73.4,34,1
1.70,30.4,48,0
1.79,412.0,71,0
1.78,64.1,29,1
1.75,21.6,37,0
0.50,196.2,83,0
1.77,73.4,88,1
1.68,55.7,3,0
1.51,26.4,42,0
1.06,20.1,85,0
1.75,71.1,25,1
1.73,54.8,32,1
1.31,7.9,10,0
1.57,36.1,13,1
1.71,32.9,25,0
0.87,11.2,40,0
1.79,58.8,41,1
1.60,50.2,81,1
2.02,187.6,80,0
1.81,66.5,-8,0
1.63,61.5,2,0
1.79,89.4,90,1
1.65,11.5,64,0
1.56,63.3,22,1
1.67,427.8,79,0
1.63,253.4,18,0
1.89,74.3,4,0
1.86,354.0,13,0
1.84,21.0,69,0
1.60,49.4,27,1
1.74,81.6,7,0
1.50,18.0,13,0
0.88,11.7,40,0
1.60,204.3,68,0
1.59,55.5,26,1
1.62,60.7,30,1
0.87,2.8,2,0
1.67,68.9,31,1
2.00,96.1,5,0
0.98,16.7,83,0
1.90,83.9,26,1
1.70,79.6,56,1
1.88,103.0,1,0
0.77,9.5,74,0
1.86,95.5,6,0
1.79,222.3,18,0
1.63,52.5,32,1
1.84,336.2,20,0
1.68,63.8,57,1
1.46,96.8,26,0
1.73,56.7,5,0
1.37,157.4,11,0
1.92,296.4,92,0
1.40,13.7,88,0
0.89,12.9,3,1
1.14,78.3,8,0
1.57,47.5,13,1
2.11,249.6,55,0
1.76,91.0,37,1
1.72,57.9,45,1
0.74,9.7,1,1
1.67,74.1,72,1
0.96,16.3,27,0
1.11,161.1,54,0
1.71,79.5,30,1
1.51,44.0,13,1
1.78,89.2,1,0
1.57,62.6,21,1
1.81,75.7,21,1
1.51,286.1,51,0
1.47,58.1,53,1
0.93,13.8,5,1
1.69,285.0,20,0
1.76,22.2,35,0
1.61,20.3,76,0
1.61,68.3,71,1
1.02,57.6,6,0
1.65,63.4,90,1
1.54,53.3,63,1
1.63,76.9,20,1
1.61,58.3,4,0
1.60,53.8,86,1
0.75,10.1,43,0
1.73,16.4,56,0
1.64,74.0,45,1
1.62,54.6,85,1
1.59,47.2,44,1
2.04,75.6,7,0
0.24,9.6,35,0
1.79,65.1,36,1
1.66,70.4,8,0
1.65,53.0,3,0
1.73,67.8,22,1
0.83,11.9,34,0
0.86,12.5,74,0
1.68,77.3,31,1
0.95,13.8,61,0
1.71,64.1,78,1
1.06,178.6,26,0
1.35,40.9,11,1
1.45,45.6,65,1
1.71,392.2,47,0
1.09,18.7,53,0
1.57,64.8,58,1
2.11,155.4,117,0
1.67,206.9,72,0
1.54,61.9,49,1
1.83,20.6,56,0
1.54,59.0,33,1
1.35,33.5,12,1
1.72,62.3,37,1
1.61,45.1,79,1
1.91,117.0,45,1
2.68,346.3,49,0
0.87,144.0,12,0
1.82,98.7,48,1
1.30,20.8,9,0
0.92,16.1,80,0
2.61,15.7,60,0
1.75,450.4,31,0
1.69,17.9,47,0
1.66,92.2,20,1
1.66,70.9,5,0
0.92,94.4,3,0
1.81,15.3,15,0
1.75,210.5,20,0
2.81,319.8,59,0
1.80,71.5,53,1
1.58,69.9,54,1
1.60,43.6,89,1
1.52,17.6,77,0
1.59,8.6,86,0
1.59,373.1,75,0
0.15,3.3,51,0
1.54,63.0,42,1
1.41,131.0,84,0
0.87,222.6,51,0
1.56,39.9,49,1
1.80,70.3,2,0
0.81,11.1,25,0
1.71,37.9,33,0
1.12,102.1,9,0
0.04,12.5,49,0
1.46,0.8,35,0
0.85,14.3,34,0
1.61,393.2,29,0
1.86,107.5,37,1
2.22,23.1,69,0
1.64,66.5,85,1
1.48,317.3,66,0
1.45,54.9,52,1
1.02,16.6,63,0
1.72,74.9,74,1
1.65,45.8,65,1
1.68,76.8,90,1
1.77,217.3,30,0
1.80,91.8,5,0
1.64,396.7,59,0
1.63,41.2,71,1
1.76,48.2,-6,0
1.70,13.8,80,0
0.86,8.4,3,0
1.75,71.2,61,1
1.79,83.0,52,1
1.52,29.4,85,0
1.03,22.0,5,1
1.58,45.8,15,1
1.71,63.9,38,1
1.57,58.5,45,1
1.66,62.0,4,0
1.83,86.1,1,0
1.64,175.6,63,0
0.81,12.7,71,0
1.59,40.6,58,1
1.60,49.8,16,1
1.80,69.3,70,1
1.74,310.3,17,0
1.67,70.8,3,0
1.66,67.4,44,1
1.73,77.9,5,0
1.60,58.4,6,0
1.65,62.4,70,1
1.67,27.7,38,0
1.82,40.3,81,0
1.71,274.1,80,0
0.99,15.7,6,1
1.69,452.1,72,0
1.62,265.1,53,0
2.98,265.9,15,0
1.48,43.9,55,1
1.77,80.7,87,1
1.59,71.3,53,1
1.59,67.0,8,0
1.66,198.2,19,0
1.53,37.6,55,1
1.77,16.9,53,0
0.74,8.4,58,0
0.96,16.3,59,0
2.70,163.1,49,0
1.86,78.4,30,1
1.24,26.8,8,1
1.08,18.4,55,0
1.69,68.3,21,1
1.51,332.4,59,0
1.90,82.4,74,1
1.78,76.6,81,1
2.02,78.4,2,0
1.87,67.3,68,1
1.68,69.8,21,1
0.81,8.9,2,1
2.14,382.0,103,0
1.46,34.0,11,1
1.60,52.9,46,1
1.79,75.5,2,0
1.61,55.3,60,1
1.55,46.5,78,1
1.82,77.6,61,1
1.63,70.1,61,1
1.67,20.0,15,0
1.53,42.6,81,1
1.82,91.8,74,1
1.56,17.7,14,0
0.62,7.7,76,0
1.60,386.5,15,0
1.71,51.0,57,1
0.75,10.0,1,1
1.80,111.8,5,0
1.57,18.5,89,0
1.74,57.2,15,1
1.84,64.9,33,1
1.57,42.1,59,1
1.46,59.9,37,1
2.01,254.4,37,0
0.78,4.3,1,0
1.78,56.1,17,1
1.74,88.5,21,1
1.56,59.1,27,1
1.85,89.7,21,1
1.44,41.7,13,1
1.02,3.1,4,0
1.81,13.9,64,0
2.17,211.0,17,0
1.19,28.3,7,1
0.94,12.9,4,1
1.70,12.2,61,0
1.80,68.5,46,1
1.86,421.0,86,0
1.54,52.1,81,1
1.63,47.6,19,1
1.62,9.7,80,0
2.33,20.5,28,0
1.74,19.0,40,0
1.71,63.5,74,1
1.72,67.9,73,1
1.78,79.6,25,1
2.76,291.3,31,0
1.66,65.8,7,0
0.19,16.1,75,0
1.74,63.9,73,1
1.73,14.5,19,0
1.56,349.3,21,0
1.70,84.6,-2,0
0.68,8.9,76,0
2.02,79.1,3,0
1.71,241.9,80,0
0.10,4.0,19,0
0.81,9.4,66,0
1.77,73.7,25,1
1.59,70.6,-2,0
1.59,28.9,70,0
1.63,32.3,19,0
0.46,387.6,116,0
1.70,97.4,85,1
1.71,58.9,82,1
1.63,72.4,53,1
1.93,109.2,3,0
1.59,7.4,52,0
1.60,58.7,83,1
1.74,77.6,22,1
1.47,54.0,69,0
1.63,51.9,84,1
1.15,26.3,8,1
1.72,22.2,37,0
2.01,68.7,1,0
1.86,278.1,60,0
1.68,71.2,77,1
1.54,51.4,41,1
1.54,321.7,13,0
1.70,343.6,28,0
1.34,27.3,9,1
1.77,349.9,63,0
0.35,175.7,31,0
1.61,41.3,59,1
1.53,140.6,24,0
2.96,296.1,79,0
0.85,12.9,87,0
1.21,186.1,16,0
0.84,11.2,34,0
1.07,19.0,37,0
1.57,70.7,67,1
1.76,89.4,35,1
1.84,73.4,61,1
1.63,72.8,69,1
0.63,368.9,19,0
0.82,10.2,1,1
1.74,73.2,7,0
1.61,43.6,15,1
1.51,16.4,12,0
1.62,63.9,57,1
0.04,4.4,38,0
0.03,8.6,6,0
1.79,13.3,66,0
1.63,64.0,23,1
0.82,187.9,24,0
1.56,65.2,74,1
1.71,9.9,16,0
1.87,65.6,17,1
1.67,56.4,68,1
1.82,58.4,6,0
1.59,18.3,41,0
1.64,62.2,81,1
1.70,7.9,26,0
1.74,52.3,82,1
1.70,62.7,62,1
1.72,23.0,24,0
1.62,24.2,66,0
1.99,102.8,2,0
1.71,153.6,35,0
1.64,189.8,38,0
1.66,86.0,85,1
1.70,134.1,80,0
1.73,77.0,68,1
1.75,37.0,17,0
1.64,186.9,36,0
1.66,6.7,57,0
1.55,11.7,23,0
1.62,160.0,79,0
1.84,88.2,53,1
1.67,60.2,85,1
0.98,5.0,3,0
1.55,58.1,6,0
1.68,84.4,27,1
1.15,19.9,7,1
1.80,82.3,79,1
1.61,70.7,1,0
1.64,51.7,55,1
1.50,56.4,38,1
0.84,11.2,3,1
1.59,82.7,47,1
1.78,55.5,90,1
1.68,16.5,29,0
1.82,96.8,88,1
1.60,17.5,57,0
1.70,55.8,8,0
1.67,67.3,-10,0
1.12,2.5,8,0
1.68,28.0,16,0
0.72,7.4,2,1
1.73,70.7,33,1
1.59,56.1,29,1
0.92,90.4,79,0
1.65,25.2,43,0
1.36,29.2,11,1
1.66,47.4,28,1
0.97,17.8,74,0
0.79,11.1,2,1
1.67,70.4,38,1
1.72,9.4,34,0
1.74,324.2,73,0
1.76,97.1,63,1
1.64,81.2,69,1
1.70,207.3,73,0
1.55,66.0,49,1
1.59,47.7,83,1
1.78,80.6,31,1
1.45,37.7,23,1
1.68,31.2,60,0
1.64,4.7,24,0
0.87,14.9,25,0
1.77,63.5,78,1
1.78,18.4,76,0
1.75,92.6,46,1
1.85,67.5,4,0
1.72,87.0,20,1
1.59,376.8,48,0
1.92,104.3,74,1
0.82,224.0,68,0
1.79,69.0,65,1
1.60,50.7,66,1
1.58,31.1,63,0
0.96,15.5,80,0
1.77,60.2,15,1
1.60,44.7,1,0
1.58,72.2,7,0
1.65,32.8,89,0
1.73,73.0,42,1
1.64,53.0,7,0
2.08,67.2,10,0
1.68,12.8,83,0
0.70,224.8,10,0
1.46,111.4,68,0
0.72,9.7,28,0
0.73,51.7,78,0
1.27,354.3,91,0
1.75,34.0,40,0
1.60,71.7,75,1
0.87,15.9,3,1
1.66,50.4,5,0
1.66,69.3,40,1
1.76,51.4,81,1
0.80,311.9,28,0
1.71,85.3,59,1
1.69,67.9,29,1
1.84,36.8,54,0
1.79,11.8,57,0
1.49,53.3,22,1
1.65,15.2,77,0
1.30,6.0,10,0
1.60,74.5,65,1
1.96,114.1,4,0
1.36,286.5,11,0
1.61,17.3,73,0
0.98,18.6,44,0
1.68,360.5,27,0
1.75,12.7,89,0
1.80,51.6,87,1
1.05,82.3,27,0
1.74,84.7,62,1
1.58,56.6,20,1
1.20,28.6,9,1
1.33,29.1,12,1
1.40,14.4,12,0
1.05,19.7,6,1
0.76,35.7,1,0
1.70,63.8,61,1
1.60,19.0,25,0
1.29,35.7,9,1
1.69,74.6,46,1
1.77,55.2,29,1
1.58,47.3,15,1
2.36,334.1,43,0
1.62,13.8,60,0
1.95,80.3,1,0
1.54,45.0,45,1
0.96,19.8,60,0
0.87,14.6,76,0
1.57,10.9,34,0
1.70,49.1,60,1
0.63,6.1,25,0
1.67,93.4,-5,0
1.77,10.9,68,0
1.11,23.5,6,1
1.79,224.4,87,0
0.84,11.5,1,1
1.64,73.5,81,1
1.53,56.8,32,1
1.63,78.8,67,1
1.64,5.6,51,0
0.61,6.4,39,0
0.72,7.1,1,1
1.78,17.0,22,0
1.48,296.8,91,0
1.67,371.6,57,0
1.82,186.4,2,0
1.69,60.8,43,1
1.58,67.2,67,1
1.71,288.0,54,0
1.97,112.5,7,0
0.61,5.8,42,0
1.72,70.4,43,1
1.67,59.0,60,1
1.65,30.6,77,0
1.72,53.4,61,1
1.78,65.0,30,1
1.76,88.1,75,1
2.55,294.5,14,0
1.68,17.3,57,0
1.51,39.4,13,1
1.83,87.5,80,1
1.66,160.0,88,0
1.61,69.7,33,1
0.40,385.2,26,0
1.43,41.9,12,1
1.69,67.7,47,1
1.78,0.9,2,0
1.57,381.4,34,0
1.71,20.7,49,0
1.76,51.4,33,1
1.14,79.2,7,0
1.63,61.7,21,1
1.52,49.9,27,1
1.69,76.4,57,1
1.45,281.6,77,0
1.61,47.2,48,1
1.82,102.3,32,1
1.74,64.3,45,1
1.80,83.5,37,1
1.78,72.7,79,1
1.05,307.5,41,0
1.23,30.5,10,1
1.62,59.7,70,1
1.56,57.1,71,1
1.62,121.1,68,0
1.59,9.0,42,0
1.77,273.2,64,0
1.80,84.7,7,0
1.02,19.7,5,1
1.71,20.0,52,0
1.42,7.7,12,0
1.74,80.7,82,1
2.77,31.5,87,0
1.72,11.5,73,0
1.60,114.1,92,0
1.55,49.9,48,1
0.26,192.7,44,0
1.45,3.8,76,0
1.70,69.1,38,1
1.64,56.4,78,1
1.52,21.4,12,0
0.76,44.1,1,0
1.74,59.4,39,1
1.76,78.0,84,1
2.19,49.7,59,0
1.73,53.3,18,1
1.74,85.1,63,1
0.42,17.5,68,0
0.93,14.9,27,0
1.57,42.3,12,1
1.49,313.0,29,0
0.68,6.9,76,0
1.19,25.5,8,1
1.83,82.3,79,1
1.55,51.0,62,1
1.71,60.4,33,1
1.69,58.8,8,0
1.78,58.5,23,1
1.89,22.1,64,0
0.53,225.4,71,0
1.07,17.1,36,0
1.85,86.7,79,1
1.67,69.8,65,1
1.09,7.1,6,0
1.72,70.0,65,1
1.71,67.2,62,1
1.69,74.8,57,1
1.72,67.0,58,1
1.74,83.0,31,1
1.87,9.4,60,0
1.78,38.0,82,0
1.84,94.6,6,0
0.82,9.7,45,0
1.74,23.4,26,0
1.76,47.9,57,1
1.62,65.9,3,0
1.80,73.5,33,1
1.80,67.6,34,1
0.61,7.4,73,0
1.62,45.1,7,0
1.67,11.5,66,0
1.70,56.7,84,1
1.65,82.3,76,1
1.63,61.3,21,1
1.88,82.6,26,1
1.83,72.4,2,0
1.79,10.6,66,0
1.74,17.0,78,0
1.06,390.7,98,0
1.55,45.8,61,1
1.20,28.1,8,1
1.61,278.9,51,0
0.20,9.7,14,0
1.56,244.3,47,0
1.62,8.2,83,0
1.56,47.0,57,1
1.67,11.9,67,0
1.58,64.3,70,1
1.57,56.5,85,1
1.79,57.5,21,1
1.72,268.7,74,0
1.62,50.9,16,1
1.77,74.0,55,1
1.12,22.2,7,1
1.70,69.0,84,1
1.70,69.2,25,1
1.56,10.2,72,0
1.72,22.6,24,0
0.89,12.6,3,1
2.03,122.0,3,0
1.00,17.0,5,1
1.73,164.1,69,0
1.91,105.1,62,1
1.73,83.5,50,1
0.94,14.7,76,0
1.70,13.9,30,0
1.74,38.1,44,0
1.59,122.7,58,0
1.68,79.0,5,0
1.79,38.8,16,0
1.63,43.8,61,1
1.65,84.1,25,1
1.60,70.4,90,1
1.58,144.5,55,0
1.74,76.4,48,1
1.76,53.2,4,0
1.49,343.7,99,0
1.65,67.4,67,1
1.72,79.4,26,1
1.66,151.6,26,0
1.72,88.4,31,1
0.82,12.4,75,0
1.62,61.5,74,1
1.67,86.6,76,1
0.80,10.0,2,1
1.77,251.0,84,0
1.82,92.1,65,1
1.58,24.1,27,0
1.79,67.4,36,1
1.83,87.7,3,0
1.84,32.2,56,0
1.68,45.6,35,1
1.73,77.4,35,1
1.55,13.7,49,0
1.61,80.4,88,1
1.58,65.6,68,1
0.84,13.9,65,0
1.08,23.0,34,0
0.75,8.4,1,1
1.64,59.9,88,1
1.14,22.5,8,1
1.83,40.4,24,0
1.49,37.2,13,1
1.46,52.5,32,1
0.69,9.4,51,0
1.73,401.5,18,0
1.70,405.6,89,0
1.62,73.2,78,1
0.81,11.4,42,0
1.02,17.6,5,1
0.85,10.3,4,1
1.66,67.6,75,1
1.63,51.5,39,1
1.92,100.0,80,1
1.71,390.8,76,0
1.52,51.7,51,1
2.06,67.8,49,0
1.64,26.7,45,0
1.47,59.0,87,1
0.22,2.8,42,0
1.83,295.4,59,0
1.67,68.5,36,1
1.69,22.6,22,0
1.46,41.3,32,1
1.83,218.4,78,0
1.61,55.3,75,1
1.63,14.8,36,0
1.76,85.1,2,0
1.68,62.3,1,0
1.71,68.4,51,1
1.01,17.0,5,1
1.03,19.0,5,1
1.62,47.8,60,1
1.64,156.9,62,0
1.51,51.8,73,1
1.64,129.5,32,0
1.80,36.7,25,0
1.86,93.3,46,1
1.60,334.4,84,0
1.83,75.5,55,1
1.69,72.2,42,1
1.65,236.3,64,0
1.70,73.8,81,1
1.69,68.1,29,1
1.78,49.3,82,1
1.99,88.4,7,0
1.80,30.5,17,0
1.61,59.7,3,0
1.65,54.6,21,1
1.75,62.3,58,1
1.57,57.9,6,0
1.63,74.3,7,0
1.64,20.6,26,0
1.85,83.4,40,1
0.84,13.9,26,0
2.73,179.9,29,0
0.84,12.7,2,1
2.90,288.0,97,0
1.78,75.1,80,1
1.54,45.5,89,1
1.58,378.6,19,0
1.64,72.7,79,1
1.74,88.1,6,0
0.74,185.8,16,0
1.28,265.2,34,0
1.86,86.4,70,1
0.81,11.0,48,0
1.98,602.6,20,0
1.94,77.6,4,0
1.71,74.6,73,1
1.74,85.8,79,1
1.89,80.4,48,0
2.02,612.8,29,0
1.73,193.1,46,0
1.72,88.1,34,1
1.75,223.1,79,0
1.60,319.4,83,0
1.92,71.3,1,0
1.71,68.2,54,1
1.64,63.7,35,1
1.56,199.7,51,0
1.82,312.5,86,0
1.69,76.4,7,0
1.81,508.0,17,0
1.58,161.3,53,0
0.76,229.6,48,0
1.66,50.5,3,0
1.75,72.4,8,0
1.70,69.3,52,1
1.77,69.9,5,0
0.65,6.3,87,0
1.07,17.1,29,0
1.73,79.0,32,1
1.66,84.3,84,1
2.69,147.7,85,0
2.02,96.3,2,0
1.60,44.5,15,1
1.66,170.6,58,0
0.70,6.1,1,0
1.75,47.3,56,1
1.28,26.7,10,1
1.58,56.1,32,1
1.52,45.7,67,1
1.68,77.2,4,0
1.61,20.7,31,0
1.58,63.2,80,1
1.50,43.5,11,1
1.94,93.5,40,1
1.70,50.4,34,1
1.56,0.6,66,0
1.67,63.1,89,1
0.71,8.3,29,0
0.24,4.3,66,0
1.73,77.6,83,1
1.65,64.8,47,1
1.64,262.2,30,0
1.68,44.2,30,1
1.75,5.4,32,0
1.45,45.2,51,1
0.91,14.5,73,0
1.61,13.0,46,0
1.70,82.9,79,1
1.65,90.3,74,1
1.70,76.5,69,1
1.74,76.8,59,1
1.64,7.4,35,0
1.87,72.0,67,1
1.51,152.8,13,0
1.53,58.7,67,1
0.85,13.9,85,0
1.65,182.3,86,0
1.78,263.2,59,0
1.78,60.7,17,1
1.74,83.3,26,1
1.71,71.8,57,1
1.60,67.9,59,0
1.52,65.6,82,1
1.57,44.0,54,1
1.83,84.2,51,1
1.66,66.2,55,1
1.84,88.6,4,0
1.41,340.6,119,0
1.65,18.3,75,0
1.82,517.0,15,0
1.75,28.3,54,0
1.56,37.9,50,1
1.65,47.0,-1,0
1.86,418.5,16,0
1.69,58.3,73,1
1.65,49.8,1,0
1.80,11.8,36,0
2.32,220.6,66,0
1.55,45.7,26,1
1.20,23.5,9,1
0.62,7.4,80,0
1.65,51.3,60,1
1.15,24.7,7,1
1.71,71.2,51,1
1.77,167.6,31,0
1.44,32.6,12,1
1.43,34.4,11,1
1.48,54.9,63,1
1.77,31.4,18,0
1.65,7.8,77,0
1.69,188.2,70,0
1.65,18.7,59,0
0.98,4.7,5,0
1.77,37.3,50,0
1.46,59.3,25,1
1.46,2.5,35,0
0.83,76.7,104,0
0.84,9.1,2,0
1.60,5.2,52,0
1.82,87.7,42,1
1.77,76.7,64,1
1.73,5.7,49,0
1.54,55.1,51,1
1.56,55.8,25,1
1.13,5.5,6,0
1.72,363.4,46,0
1.50,59.9,62,1
2.07,343.2,2,0
1.06,6.0,7,0
1.13,25.3,8,1
0.79,11.0,26,0
0.78,11.5,1,1
1.45,39.2,59,1
0.90,89.5,4,0
1.70,58.9,3,0
1.88,71.3,45,1
1.16,26.3,7,1
1.02,17.1,63,0
1.74,33.0,44,0
1.63,33.9,20,0
0.63,6.0,44,0
1.46,26.4,13,0
1.63,62.2,48,1
0.89,13.6,5,1
1.79,57.7,47,1
0.84,12.0,80,0
1.74,31.3,82,0
1.39,15.4,13,0
1.63,30.1,65,0
1.63,19.7,27,0
1.35,20.9,10,0
1.91,92.3,29,1
1.68,45.9,83,1
1.73,92.2,73,1
1.70,51.5,15,1
1.64,61.3,56,1
0.75,78.3,1,0
1.04,45.9,27,0
1.69,160.4,78,0
1.75,113.2,47,1
1.66,8.4,80,0
1.56,11.7,58,0
1.57,64.9,25,1
1.91,76.1,4,0
1.58,47.6,53,1
1.59,186.2,13,0
1.48,59.8,18,1
0.78,10.7,1,1
0.10,19.9,65,0
1.53,54.9,52,1
1.54,28.5,76,0
1.71,67.6,4,0
1.64,51.7,20,1
1.74,84.8,47,1
1.74,28.9,27,0
1.68,8.2,72,0
1.19,25.9,8,1
1.54,12.3,60,0
1.57,72.9,8,0
1.84,350.7,70,0
1.59,66.5,66,1
1.57,0.5,8,0
1.69,60.9,14,1
1.86,70.3,34,1
1.60,4.2,50,0
2.74,137.3,95,0
1.75,138.1,58,0
1.72,74.0,78,1
1.77,70.5,74,1
1.68,60.9,90,1
1.63,56.4,36,1
1.71,58.4,43,1
1.84,76.0,1,0
1.47,240.6,44,0
1.52,42.8,78,1
1.74,80.6,18,1
1.79,53.5,62,1
1.77,62.0,87,1
1.71,73.7,34,1
0.42,276.1,77,0
1.80,83.4,7,0
1.53,50.4,15,1
1.22,17.7,8,0
1.69,72.0,47,1
1.81,71.8,41,1
1.74,77.4,28,1
1.59,67.3,69,1
1.52,183.1,53,0
1.63,19.7,33,0
0.95,6.5,4,0
1.66,209.7,43,0
1.57,44.8,15,1
1.71,54.0,14,1
1.69,85.5,80,1
1.48,68.0,70,1
1.67,66.5,74,1
1.72,83.2,65,1
1.75,78.2,59,1
1.64,240.6,51,0
1.01,18.4,6,1
0.78,6.3,2,0
1.85,77.1,56,1
1.82,32.0,71,0
1.66,63.4,70,1
1.70,79.2,57,1
1.69,34.3,22,0
2.00,112.0,3,0
1.76,81.0,41,1
1.82,52.9,26,1
1.72,15.4,18,0
1.74,66.9,42,1
1.66,76.0,48,1
1.75,186.6,75,0
0.90,13.4,46,0
1.36,36.5,12,1
1.76,18.9,62,0
1.91,24.2,79,0
1.17,8.9,7,0
1.58,51.3,15,1
1.82,56.4,2,0
1.67,52.2,3,0
1.79,83.9,44,1
1.60,371.2,52,0
1.68,67.4,64,1
1.70,53.1,15,1
1.80,77.0,90,1
1.79,10.7,69,0
1.78,94.6,87,1
2.03,112.3,2,0
1.77,77.7,24,1
1.60,17.7,70,0
0.95,15.7,4,1
1.71,1.0,8,0
1.57,93.3,32,1
1.56,329.4,90,0
1.53,136.8,21,0
1.55,69.5,31,1
1.80,67.1,21,1
1.81,514.3,28,0
1.65,51.9,5,0
0.95,265.8,44,0
0.85,7.5,4,0
1.78,82.5,26,1
1.55,60.0,58,1
1.69,7.1,44,0
1.72,52.4,73,1
1.69,396.5,19,0
1.55,17.7,48,0
1.59,346.9,45,0
1.31,9.9,11,0
1.69,26.8,51,0
2.31,245.2,10,0
0.43,312.7,73,0
1.68,17.9,63,0
2.05,80.4,3,0
1.73,81.5,55,1
1.61,80.5,30,1
0.92,2.7,4,0
1.69,52.0,28,1
0.86,14.3,29,0
1.47,13.7,72,0
1.78,79.4,65,1
1.67,13.8,65,0
1.92,71.9,6,0
1.61,55.2,67,1
1.53,5.8,41,0
1.66,28.8,20,0
1.69,65.1,83,1
1.49,22.5,48,0
1.72,56.5,81,1
1.67,55.5,1,0
1.56,43.0,7,0
1.67,129.6,57,0
1.81,36.7,22,0
1.71,18.2,59,0
1.97,92.9,39,1
1.50,65.7,73,1
1.65,5.9,65,0
1.68,54.8,64,1
1.78,73.0,29,1
1.66,408.1,22,0
1.98,74.5,8,0
1.72,77.6,49,1
1.72,53.7,30,1
1.28,259.1,9,0
1.72,65.2,56,1
1.50,170.0,18,0
1.70,48.1,60,1
1.50,56.6,64,1
1.79,89.0,18,1
1.66,54.2,61,1
1.20,79.8,7,0
1.63,400.2,29,0
1.15,20.1,7,1
1.74,79.2,37,1
1.66,52.3,43,1
1.69,68.7,31,1
1.76,92.9,83,1
1.28,355.0,119,0
1.32,31.7,11,1
1.71,96.3,64,1
1.66,69.1,25,1
0.16,14.7,58,0
1.77,60.6,3,0
1.57,67.1,53,1
1.58,53.2,85,1
1.82,261.7,53,0
1.55,4.9,84,0
1.46,33.8,12,1
1.45,44.8,47,1
1.76,67.5,40,1
1.63,59.9,35,1
1.68,80.4,-4,0
1.57,16.0,50,0
1.84,72.5,1,0
1.86,96.3,3,0
1.59,51.3,52,1
1.57,68.9,41,1
1.60,59.9,1,0
1.65,52.4,37,1
1.47,4.0,45,0
1.95,88.5,6,0
1.07,20.2,32,0
1.66,7.9,33,0
1.78,13.9,82,0
1.67,64.0,5,0
1.59,65.5,88,1
1.66,61.0,60,1
0.87,14.3,25,0
2.41,257.7,6,0
1.84,78.6,51,1
1.14,391.2,20,0
1.59,60.5,73,1
1.31,6.3,12,0
1.69,75.3,26,1
1.56,54.7,3,0
1.82,32.5,32,0
1.84,400.8,57,0
1.91,95.1,19,1
1.60,8.4,28,0
1.18,22.4,7,1
1.68,20.4,77,0
1.54,54.1,64,1
1.67,60.5,17,1
1.64,62.6,55,1
1.66,74.1,5,0
1.78,29.0,83,0
1.66,73.2,29,1
1.01,14.6,68,0
1.67,441.9,66,0
1.77,7.9,48,0
1.71,69.3,65,1
1.73,169.8,67,0
0.67,83.6,50,0
0.07,6.8,12,0
1.66,47.4,18,1
1.68,70.8,68,1
1.72,82.6,23,1
0.88,13.5,4,1
1.63,231.1,26,0
1.59,62.8,38,1
1.68,48.6,19,1
1.65,64.7,70,1
1.02,2.7,4,0
1.77,73.0,7,0
1.71,82.0,35,1
0.78,10.6,2,1
1.72,69.4,63,1
1.71,46.3,19,1
1.61,14.4,52,0
1.73,85.6,4,0
2.37,105.7,82,0
1.45,65.5,53,1
1.70,421.9,65,0
1.59,66.0,52,1
1.78,74.8,51,1
1.50,46.8,12,1
2.01,73.4,2,0
1.73,36.3,27,0
1.68,36.3,26,0
1.59,51.4,5,0
1.63,256.0,85,0
1.84,87.9,1,0
1.57,68.9,4,0
1.56,17.7,67,0
1.60,47.9,87,1
1.74,77.5,7,0
1.19,6.6,8,0
1.69,56.3,77,1
0.91,18.2,4,1
0.49,137.7,83,0
1.04,17.2,5,1
1.58,53.7,27,1
1.96,20.8,67,0
1.74,71.4,36,1
1.61,87.3,64,1
1.16,26.3,7,1
1.09,17.5,5,1
1.62,77.0,19,1
1.75,29.5,51,0
0.76,82.1,1,0
1.72,437.3,28,0
1.73,78.1,19,1
1.45,47.4,47,1
1.88,84.3,81,1
1.61,79.2,39,1
1.68,49.5,4,0
1.62,285.6,39,0
1.81,93.5,77,1
0.78,11.9,46,0
1.60,48.8,14,1
1.71,85.0,56,1
1.73,186.4,90,0
1.52,228.7,82,0
1.75,72.3,28,1
2.97,243.9,113,0
1.89,84.8,56,1
1.43,40.2,11,1
1.80,76.9,50,1
0.83,192.4,99,0
1.66,69.0,47,1
1.55,67.1,72,1
1.65,79.5,87,1
1.64,62.1,47,1
1.76,83.7,74,1
1.59,60.2,2,0
1.88,81.1,58,1
1.64,263.6,66,0
1.72,74.2,25,1
1.60,352.8,55,0
1.80,21.3,30,0
1.26,32.4,9,1
1.68,140.7,35,0
1.60,63.6,27,1
1.66,0.1,67,0
0.98,4.9,6,0
1.72,59.9,6,0
1.90,88.5,4,0
2.00,89.8,8,0
1.72,35.1,33,0
1.60,47.5,83,1
0.99,142.6,6,0
1.58,23.1,67,0
1.34,3.6,13,0
1.62,15.3,59,0
1.59,63.4,84,1
1.78,5.6,67,0
1.74,60.7,42,1
1.68,8.0,87,0
0.76,8.6,59,0
1.73,9.7,51,0
1.71,54.5,63,1
1.57,49.9,54,1
1.84,447.3,63,0
1.59,64.2,36,1
1.72,220.7,85,0
1.66,62.3,67,1
0.98,18.3,71,0
1.54,4.1,79,0
1.63,58.5,88,1
1.92,82.2,82,1
1.20,17.7,8,0
1.51,16.5,13,0
1.76,7.7,60,0
1.81,52.3,27,1
1.67,309.8,49,0
1.76,80.1,80,1
1.74,377.3,86,0
1.70,71.3,65,1
1.11,2.8,7,0
1.47,39.1,12,1
1.72,74.6,-5,0
1.68,27.0,30,0
1.54,45.6,38,1
1.72,469.7,65,0
0.90,259.1,74,0
1.34,295.8,119,0
1.80,459.1,87,0
1.71,70.7,81,1
1.63,41.4,40,1
1.99,76.6,2,0
1.78,71.7,4,0
1.77,61.7,24,1
0.68,7.8,32,0
1.30,4.7,11,0
1.71,89.8,79,1
1.61,66.6,8,0
1.69,80.9,85,1
1.65,164.4,19,0
1.46,191.1,21,0
1.79,59.4,72,1
1.62,71.7,61,1
1.11,354.7,16,0
1.83,89.9,52,1
1.82,448.2,22,0
1.32,20.3,10,0
1.70,86.5,8,0
1.65,62.2,14,1
1.64,61.2,48,1
1.61,13.9,22,0
2.02,118.7,2,0
1.66,52.4,8,0
1.81,64.1,58,1
1.79,350.2,33,0
1.72,54.7,23,1
1.53,279.8,31,0
1.55,54.3,32,1
1.45,3.4,33,0
2.33,258.7,91,0
1.72,77.3,40,1
0.84,96.0,27,0
1.80,67.8,65,1
1.70,79.8,30,1
1.12,22.5,7,1
1.49,294.1,58,0
1.66,28.9,71,0
1.67,73.8,62,1
1.64,64.2,2,0
1.05,16.0,87,0
1.68,54.3,4,0
0.99,84.6,77,0
1.72,75.4,66,1
1.60,62.0,-10,0
1.62,71.6,53,1
1.61,68.0,51,1
1.58,70.5,21,1
0.90,14.9,39,0
2.03,94.7,2,0
1.83,92.2,61,1
1.54,44.1,13,1
1.52,11.5,16,0
1.24,26.0,10,1
1.67,11.2,37,0
1.86,339.6,115,0
1.83,153.4,56,0
1.69,19.5,61,0
1.60,69.1,53,1
0.95,16.5,61,0
1.66,147.6,59,0
1.41,4.2,11,0
1.54,48.5,75,1
1.02,99.0,5,0
1.63,72.4,38,1
1.70,68.2,64,1
2.39,151.6,95,0
1.76,86.8,20,1
1.57,46.2,14,1
1.78,358.5,55,0
1.17,32.8,119,0
0.19,5.3,3,0
0.83,331.0,21,0
1.65,50.0,22,1
1.60,48.1,4,0
1.45,105.6,56,0
1.65,75.4,86,1
1.37,201.9,17,0
2.53,111.6,97,0
1.95,79.5,6,0
1.62,42.5,86,1
1.78,469.4,58,0
1.26,264.7,76,0
1.39,12.2,11,0
2.03,169.6,32,0
1.14,204.4,7,0
1.79,65.5,40,1
0.92,14.7,59,0
1.68,28.5,26,0
1.80,73.0,87,1
1.66,71.9,58,1
1.95,111.0,1,0
1.81,14.0,21,0
1.75,88.2,80,1
1.76,24.2,45,0
1.52,44.9,23,1
1.52,126.5,14,0
1.61,26.6,36,0
1.68,57.7,7,0
1.77,39.7,51,0
1.49,77.3,68,1
1.14,18.8,7,1
1.68,188.4,60,0
1.03,21.5,4,1
1.77,66.4,28,1
0.73,8.6,55,0
1.65,29.9,41,0
1.64,81.7,63,1
1.59,68.7,19,1
1.66,69.7,45,1
1.59,44.8,2,0
1.53,43.8,47,1
1.60,200.3,83,0
1.59,61.8,4,0
1.81,95.1,5,0
1.21,101.2,7,0
1.66,80.0,21,1
0.11,6.4,71,0
0.77,29.6,1,0
0.77,11.8,82,0
1.86,81.1,57,1
2.02,82.6,5,0
1.54,62.9,46,1
1.64,80.6,5,0
1.73,52.1,38,1
0.86,12.9,51,0
1.82,76.7,44,1
0.82,10.5,53,0
1.45,32.4,11,1
1.66,413.5,37,0
1.64,73.0,58,1
1.64,252.7,76,0
1.66,21.1,81,0
1.55,41.3,73,1
1.67,53.6,20,1
1.69,55.1,51,1
0.39,347.5,35,0
1.67,15.9,51,0
1.74,63.6,78,1
1.73,78.0,71,1
1.84,7.7,83,0
1.56,27.1,76,0
1.86,95.8,1,0
1.66,68.5,60,1
1.12,22.8,7,1
1.23,6.0,10,0
1.02,141.8,5,0
1.82,79.7,7,0
1.03,17.9,6,1
1.95,291.0,31,0
1.13,14.6,7,0
0.99,45.2,4,0
1.68,48.7,18,1
1.62,123.0,75,0
1.74,73.7,20,1
2.35,15.8,60,0
2.48,355.9,107,0
1.06,123.7,112,0
1.68,43.7,80,1
1.70,208.2,37,0
1.75,77.1,49,1
1.62,331.1,70,0
1.53,38.6,14,1
1.77,90.4,42,1
1.63,360.8,71,0
1.66,0.5,32,0
0.89,12.7,5,1
1.62,52.0,57,1
1.62,75.1,37,1
2.02,95.0,7,0
1.73,65.6,86,1
1.88,105.0,2,0
1.21,25.5,8,1
1.58,47.0,63,1
1.63,42.2,13,1
0.92,12.5,27,0
2.74,301.3,78,0
1.77,80.4,3,0
1.35,31.5,10,1
1.82,96.7,73,1
1.58,70.5,79,1
1.09,20.9,49,0
0.87,12.5,78,0
1.65,56.9,31,1
0.96,88.9,5,0
1.11,21.3,7,1
2.29,269.2,118,0
1.65,33.3,87,0
1.91,64.2,3,0
1.70,57.2,62,1
1.06,82.5,6,0
0.60,7.0,82,0
1.81,12.7,68,0
1.77,17.9,52,0
1.65,52.5,19,1
2.01,335.5,11,0
2.04,116.0,3,0
1.59,51.6,20,1
1.87,96.3,6,0
1.89,86.9,41,1
1.45,50.6,48,1
1.58,63.1,63,1
1.74,8.9,66,0
1.70,79.2,25,1
1.93,464.8,28,0
1.54,67.3,51,1
1.63,50.1,17,1
1.51,271.6,51,0
1.50,25.2,13,0
1.98,78.5,6,0
1.68,44.7,16,1
1.59,59.7,58,1
0.77,8.4,29,0
2.82,4.2,104,0
1.52,40.6,31,1
1.63,26.3,81,0
0.86,68.8,3,0
1.56,49.9,3,0
0.71,9.3,56,0
0.88,12.2,4,1
1.61,335.8,81,0
1.44,268.4,11,0
1.65,82.6,82,1
1.69,21.6,35,0
1.84,175.2,63,0
0.96,17.8,39,0
1.72,26.8,71,0
1.74,85.7,48,1
1.63,59.9,88,1
1.79,60.8,71,1
1.51,20.6,90,0
0.96,77.3,104,0
1.89,78.0,6,0
1.70,83.2,66,1
1.63,58.3,26,1
1.81,73.1,65,1
1.69,375.1,66,0
1.75,145.7,58,0
1.79,104.6,20,1
2.42,163.3,116,0
1.52,57.3,39,1
1.75,61.9,42,1
2.00,93.7,2,0
1.52,117.1,72,0
1.79,123.9,76,0
1.65,46.0,14,1
1.65,49.4,24,1
0.74,10.0,72,0
1.61,394.9,79,0
0.13,1.3,67,0
0.24,4.1,74,0
1.66,65.9,61,1
1.56,38.8,75,1
1.73,17.5,50,0
0.67,7.1,45,0
1.65,32.1,24,0
2.78,380.6,100,0
1.63,155.5,68,0
0.66,215.1,1,0
1.77,77.1,79,1
1.31,30.5,11,1
1.77,158.1,39,0
1.67,18.5,22,0
1.62,5.0,18,0
2.44,88.3,35,0
1.75,175.2,29,0
1.68,195.6,86,0
1.58,63.7,44,1
1.86,83.6,3,0
1.64,20.8,47,0
1.57,0.9,49,0
1.64,298.3,47,0
1.71,4.4,44,0
1.67,59.9,31,1
0.82,12.5,2,1
1.59,58.0,27,1
1.58,29.7,53,0
0.64,7.0,59,0
1.96,79.0,62,1
1.54,57.3,45,1
1.22,10.4,9,0
1.08,24.5,6,1
1.57,61.0,48,1
1.93,371.7,33,0
1.75,68.1,55,1
0.97,148.0,4,0
1.68,58.7,22,1
1.71,65.6,82,1
1.56,37.5,33,1
2.55,173.1,18,0
0.68,8.0,27,0
1.79,490.7,27,0
1.48,69.4,19,1
2.04,96.9,78,1
1.51,348.3,81,0
1.74,72.2,52,1
1.62,0.9,19,0
1.58,10.1,41,0
1.66,64.2,41,1
1.58,39.6,49,1
0.84,60.6,73,0
1.48,60.3,65,1
1.55,13.2,27,0
1.80,74.0,30,1
0.77,42.4,1,0
1.70,65.9,23,1
0.91,16.4,3,1
1.67,4.9,51,0
1.78,57.5,8,0
0.71,7.4,34,0
1.74,390.9,62,0
1.65,84.3,60,1
1.51,0.4,3,0
1.60,186.6,13,0
1.37,337.3,49,0
1.74,19.3,65,0
1.78,91.3,1,0
1.73,381.5,53,0
1.64,284.8,53,0
1.73,65.5,85,1
0.71,7.9,1,1
0.92,12.3,48,0
1.74,51.7,89,1
1.62,17.7,16,0
1.49,54.2,46,1
1.83,79.7,84,1
1.59,52.8,49,1
0.83,12.3,78,0
1.49,25.5,13,0
1.57,53.9,27,1
1.06,11.8,5,0
1.03,21.0,5,1
1.58,52.5,48,1
1.57,319.2,69,0
1.87,97.2,36,1
1.62,5.1,46,0
0.89,11.9,37,0
1.71,74.9,86,1
1.78,187.2,50,0
1.55,37.4,48,1
1.62,59.5,48,1
1.93,111.2,22,0
1.59,78.8,29,1
1.78,72.4,42,1
0.20,8.3,32,0
1.64,82.4,83,1
0.70,9.1,59,0
1.46,322.1,89,0
1.68,264.2,36,0
1.76,72.3,43,1
0.08,10.7,18,0
1.53,62.3,68,1
1.72,56.7,2,0
1.71,137.4,51,0
1.64,12.1,54,0
1.67,53.8,49,1
0.94,15.5,28,0
1.66,14.6,22,0
1.28,29.3,13,1
1.71,60.3,45,1
1.48,27.3,73,0
1.79,31.9,54,0
1.67,0.1,5,0
1.63,58.7,16,1
0.73,9.4,42,0
1.77,187.6,31,0
1.79,70.5,44,1
1.58,327.4,16,0
1.71,17.2,40,0
1.54,252.8,74,0
1.27,34.7,9,1
1.86,59.0,7,0
1.03,18.1,5,1
1.62,70.8,7,0
1.61,9.9,87,0
1.70,70.9,75,1
1.67,62.9,3,0
1.63,43.6,13,1
1.76,92.8,50,1
1.83,35.2,84,0
1.67,170.8,45,0
1.86,453.9,54,0
1.59,284.6,80,0
1.66,327.7,30,0
1.65,68.2,49,1
1.87,186.7,56,0
0.81,78.1,3,0
1.69,75.2,53,1
1.58,38.6,55,1
1.63,32.6,41,0
1.70,85.1,30,1
1.90,556.3,70,0
1.76,47.8,19,1
1.90,100.1,6,0
1.81,46.1,118,0
1.02,18.8,5,1
0.92,15.8,67,0
1.64,331.2,29,0
1.62,49.6,24,1
0.79,9.1,74,0
1.71,75.6,40,1
0.27,66.0,11,0
1.84,394.4,89,0
2.11,179.5,36,0
1.75,74.7,1,0
1.15,312.0,39,0
1.58,398.3,79,0
1.58,250.8,84,0
1.74,77.7,46,1
1.51,50.1,22,1
1.68,197.9,54,0
1.57,374.6,18,0
1.68,64.6,5,0
1.94,94.4,87,1
1.72,16.9,76,0
1.84,75.0,23,1
1.76,83.5,65,1
1.75,60.8,65,1
1.63,293.0,45,0
1.05,20.6,34,0
1.64,21.2,89,0
1.58,68.0,75,1
1.55,377.4,70,0
1.71,70.9,24,1
0.11,19.6,77,0
1.61,4.2,25,0
1.66,70.2,55,1
2.84,169.5,117,0
0.34,120.6,65,0
1.63,50.0,14,1
1.79,104.1,57,1
2.77,14.6,116,0
1.50,37.0,29,1
0.75,205.3,29,0
1.64,61.1,80,1
1.78,88.3,51,1
1.74,66.0,37,1
1.78,56.0,74,1
0.76,9.3,1,1
0.73,1.2,1,0
1.58,9.7,78,0
1.88,85.8,7,0
1.73,85.6,84,1
1.76,65.6,8,0
1.70,432.5,25,0
1.83,107.3,88,1
1.73,63.7,20,1
1.65,69.7,29,1
1.63,70.1,37,1
1.01,15.9,76,0
1.88,79.9,5,0
1.66,65.6,35,1
0.69,63.1,33,0
1.88,101.1,80,1
1.13,16.9,7,1
1.56,26.6,56,0
1.94,108.4,8,0
1.66,269.8,42,0
1.51,64.9,55,1
1.55,50.1,60,1
2.32,82.8,73,0
1.57,28.9,52,0
1.68,70.0,-9,0
1.70,66.2,35,1
1.13,22.6,8,1
1.78,380.3,93,0
1.64,264.5,81,0
2.17,341.8,115,0
1.67,12.9,21,0
1.52,54.0,59,1
1.80,213.8,26,0
1.71,74.8,37,1
1.09,177.6,7,0
1.69,50.4,20,1
0.73,9.9,79,0
2.05,21.9,83,0
0.80,83.0,110,0
1.45,353.0,97,0
1.66,83.8,18,1
1.72,395.1,39,0
1.29,27.6,10,1
1.57,0.3,13,0
1.71,69.5,30,1
0.77,30.0,2,0
1.70,60.4,76,1
1.70,281.2,85,0
1.70,68.1,74,1
1.58,57.7,19,1
1.33,223.8,10,0
1.64,55.5,22,1
1.22,21.3,9,1
1.69,11.0,39,0
1.84,100.0,8,0
1.80,85.1,34,1
1.67,75.9,54,1
1.72,400.3,23,0
1.64,51.7,5,0
1.75,15.2,60,0
0.93,112.6,6,0
1.28,342.7,109,0
0.25,112.0,62,0
1.60,371.4,22,0
1.81,87.3,76,1
1.69,74.0,57,1
1.24,29.2,10,1
1.52,56.2,58,1
1.93,73.2,1,0
1.86,24.8,69,0
1.75,69.6,32,1
1.82,33.8,70,0
1.31,107.5,9,0
1.72,424.4,60,0
1.36,38.3,10,1
1.54,57.2,84,1
1.83,59.7,16,1
1.45,22.9,80,0
1.25,107.7,54,0
1.91,69.1,2,0
1.67,52.3,61,1
1.88,474.8,21,0
1.80,171.4,89,0
1.81,76.5,25,1
1.76,394.4,42,0
1.72,75.1,89,1
1.74,52.7,87,1
1.59,69.5,61,1
1.76,86.5,4,0
1.82,33.5,80,0
1.57,142.4,83,0
1.55,50.5,43,1
1.75,53.4,3,0
1.92,90.4,3,0
1.79,9.0,79,0
1.72,56.8,44,1
1.60,324.4,49,0
1.78,89.5,7,0
1.73,10.5,74,0
1.24,27.4,9,1
1.64,18.3,49,0
1.75,54.2,-5,0
1.80,68.2,5,0
1.24,26.9,12,1
1.58,166.1,71,0
0.95,18.4,5,1
1.74,48.3,88,1
1.54,23.0,46,0
1.67,174.8,81,0
1.57,266.2,70,0
1.28,28.8,10,1
1.88,103.6,3,0
1.63,62.5,22,1
0.89,13.8,72,0
1.75,56.4,35,1
1.71,74.0,85,1
1.57,75.0,34,1
1.60,51.2,5,0
2.11,321.4,47,0
1.74,82.5,62,1
1.61,46.2,74,1
1.59,17.4,54,0
1.73,178.7,33,0
1.78,91.8,26,1
1.64,73.0,56,1
1.80,163.6,59,0
0.78,39.8,1,0
1.69,59.2,34,1
1.66,62.1,5,0
0.70,212.1,41,0
1.57,64.0,45,1
1.72,75.8,50,1
1.72,82.9,7,0
1.69,69.0,69,1
1.58,57.0,35,1
1.82,341.7,45,0
1.88,66.9,6,0
1.66,63.2,70,1
1.47,23.3,50,0
1.47,279.2,89,0
1.85,75.6,34,1
1.72,55.6,2,0
1.59,43.7,74,1
1.86,95.2,88,1
1.56,56.6,-7,0
1.75,79.7,39,1
1.89,92.2,57,1
1.77,74.7,47,1
1.58,54.1,41,1
1.71,463.5,67,0
1.77,265.0,36,0
2.01,72.7,2,0
1.65,29.8,89,0
1.42,35.6,14,1
1.73,21.0,77,0
1.67,57.8,81,1
1.60,54.6,89,1
1.67,70.2,43,1
1.59,56.3,13,1
1.60,155.2,74,0
0.91,3.2,4,0
1.77,57.3,68,1
1.55,362.6,20,0
1.87,91.5,28,1
2.96,192.4,81,0
1.67,19.1,35,0
1.76,72.6,28,1
1.94,93.1,2,0
1.02,17.7,36,0
1.79,13.1,58,0
1.50,62.9,-6,0
1.61,20.5,63,0
1.65,70.2,48,1
1.58,54.1,43,1
1.77,39.2,52,0
1.69,77.4,48,1
1.64,53.8,27,1
0.75,1.8,1,0
1.70,57.7,58,1
1.84,391.8,49,0
1.75,57.4,-1,0
1.95,94.9,5,0
1.88,77.6,33,1
1.85,345.1,68,0
1.53,60.1,30,1
1.96,73.3,8,0
1.57,13.6,21,0
2.42,86.8,99,0
1.61,313.3,15,0
1.73,76.3,56,1
1.80,52.4,23,1
1.66,436.0,68,0
1.68,56.8,25,1
1.02,19.6,86,0
1.61,64.2,27,1
1.49,7.8,11,0
1.80,87.0,80,1
1.98,77.8,7,0
1.59,64.6,60,1
1.78,68.8,35,1
1.81,56.2,6,0
1.57,51.5,26,1
1.62,172.6,71,0
1.20,106.9,8,0
1.71,172.9,41,0
1.57,82.9,58,1
1.54,50.2,23,1
1.63,10.5,32,0
1.77,14.8,41,0
1.68,215.6,82,0
1.51,48.4,75,1
1.50,59.9,83,1
1.89,40.9,119,0
1.45,135.8,43,0
1.56,5.3,29,0
1.76,17.8,46,0
2.36,214.3,11,0
1.93,107.2,7,0
1.83,64.1,3,0
1.75,23.5,88,0
1.87,78.9,4,0
2.02,76.9,7,0
1.63,183.7,28,0
1.68,67.5,53,1
1.74,0.7,81,0
1.96,104.4,4,0
0.81,10.2,82,0
1.64,78.5,5,0
1.93,80.6,3,0
1.68,11.7,52,0
1.74,59.1,47,1
0.89,44.3,3,0
1.96,104.0,66,0
2.33,18.8,29,0
1.70,206.0,42,0
1.61,44.4,4,0
0.86,14.0,36,0
2.58,192.5,44,0
1.08,18.6,35,0
1.68,71.0,75,1
1.59,50.3,16,1
1.59,119.1,80,0
1.72,76.7,51,1
1.69,170.7,75,0
1.86,79.1,6,0
2.42,31.3,22,0
1.75,20.8,38,0
1.70,70.8,32,1
0.69,8.7,49,0
1.72,76.6,7,0
1.78,497.3,64,0
1.99,2.7,47,0
1.84,87.9,19,1
1.72,70.0,82,1
1.76,78.6,75,1
1.69,70.4,31,1
1.71,87.3,32,1
0.85,13.1,3,1
0.77,59.3,2,0
1.76,453.7,49,0
1.25,22.6,9,1
1.81,315.3,60,0
1.70,74.4,41,1
1.61,237.0,52,0
1.83,71.3,6,0
1.52,56.8,89,1
1.77,75.2,42,1
1.68,63.1,88,1
1.52,52.7,65,1
0.15,11.7,56,0
1.67,57.9,27,1
1.63,52.4,16,1
0.84,12.6,3,1
1.57,51.2,8,0
0.47,214.1,113,0
1.64,66.7,52,1
1.71,12.9,56,0
1.40,269.1,12,0
1.68,70.9,54,1
0.78,67.1,2,0
1.67,53.2,80,1
1.70,450.2,40,0
0.85,2.7,3,0
1.78,20.2,81,0
1.85,94.7,2,0
1.67,72.2,72,1
1.44,36.6,13,1
1.22,23.5,8,1
1.76,82.1,54,1
1.59,44.9,14,1
0.81,9.3,30,0
1.58,44.3,49,1
1.81,178.7,52,0
1.59,55.1,84,1
1.62,4.0,45,0
1.74,11.0,33,0
1.61,44.1,43,1
1.62,345.4,44,0
1.67,290.9,48,0
2.24,230.1,24,0
1.70,71.9,57,1
1.83,62.9,6,0
0.91,12.9,38,0
1.53,70.2,56,1
1.73,46.2,57,1
1.76,82.0,61,1
1.63,43.4,89,1
1.58,60.0,77,1
1.54,187.4,11,0
0.66,8.3,54,0
1.81,63.8,7,0
1.58,44.8,34,1
1.71,88.2,38,1
1.08,17.4,47,0
1.75,187.7,18,0
0.87,13.7,2,1
1.74,65.3,-3,0
1.67,211.7,52,0
1.61,64.8,88,1
1.41,135.9,11,0
1.75,415.4,51,0
1.71,10.9,52,0
1.69,35.5,70,0
1.65,50.4,25,1
0.78,11.0,1,1
1.95,111.5,6,0
1.70,70.6,26,1
0.90,12.0,45,0
1.57,61.1,4,0
1.62,362.3,72,0
1.66,61.5,64,1
0.62,7.3,57,0
0.25,11.0,72,0
1.87,86.8,89,1
1.73,462.4,38,0
1.75,13.7,90,0
1.58,42.6,13,1
1.73,93.5,30,1
1.62,74.6,77,1
1.60,290.0,71,0
1.72,150.0,83,0
0.64,178.1,98,0
2.54,35.3,95,0
1.73,52.3,7,0
1.71,15.1,65,0
1.88,66.6,8,0
0.03,11.7,63,0
1.68,54.6,72,1
1.56,63.0,7,0
0.97,14.8,26,0
1.75,84.3,71,1
0.73,9.4,1,1
1.71,78.6,3,0
1.01,17.2,27,0
1.57,49.7,7,0
1.74,5.1,56,0
1.61,40.0,39,1
1.88,104.2,29,1
1.57,69.2,55,1
1.73,80.8,65,1
0.21,8.3,14,0
1.57,48.3,81,1
1.59,293.5,78,0
0.45,364.4,32,0
1.73,177.6,20,0
1.68,81.8,73,1
1.12,385.3,33,0
1.77,55.4,6,0
1.65,80.9,8,0
1.57,49.4,12,1
1.77,0.0,76,0
1.01,14.7,88,0
0.64,300.0,47,0
1.72,68.2,37,1
1.46,5.4,64,0
1.51,177.9,15,0
1.62,10.3,66,0
1.50,52.5,57,1
0.73,8.7,35,0
1.52,55.8,71,1
1.64,18.0,83,0
1.75,55.3,39,1
1.68,16.9,63,0
0.72,9.3,71,0
1.70,72.2,79,1
0.65,151.7,119,0
1.63,78.5,66,1
1.62,48.5,74,1
1.71,34.6,78,0
1.53,45.5,13,1
1.68,52.0,32,1
1.53,52.8,84,1
1.84,84.4,83,1
0.92,14.0,6,1
1.62,24.1,40,0
0.90,14.8,3,1
1.71,74.9,3,0
1.82,274.1,65,0
0.89,50.1,4,0
1.43,352.1,42,0
1.69,60.8,69,1
1.70,73.3,35,1
1.62,148.3,57,0
2.05,118.3,5,0
1.65,63.2,46,1
1.73,78.3,47,1
2.71,355.4,109,0
1.60,209.1,33,0
1.09,22.9,51,0
1.82,23.1,82,0
1.15,176.1,6,0
1.94,79.8,2,0
2.02,76.9,8,0
0.55,383.6,109,0
1.66,42.8,61,1
1.58,55.3,57,1
1.70,170.5,49,0
0.60,147.3,48,0
0.93,11.2,5,1
0.68,8.1,48,0
1.76,99.3,20,1
1.97,203.0,5,0
1.56,25.5,87,0
0.73,8.0,66,0
2.10,1.9,79,0
1.83,81.1,21,1
1.54,56.4,26,1
1.89,526.0,50,0
1.09,17.2,7,1
1.70,5.1,47,0
1.02,16.8,4,1
1.66,271.3,61,0
1.69,58.0,39,1
1.62,59.8,80,1
1.50,279.8,62,0
1.72,70.3,88,1
1.63,67.7,26,1
0.94,13.8,76,0
1.71,81.3,8,0
1.59,128.4,76,0
1.76,79.2,36,1
1.66,343.3,83,0
1.72,189.0,32,0
1.60,65.7,83,1
1.72,7.0,57,0
1.64,64.1,36,1
1.77,77.7,25,1
1.94,99.9,4,0
1.70,22.2,21,0
1.05,20.8,72,0
1.74,72.3,73,1
1.71,0.7,41,0
1.57,154.8,86,0
1.72,193.2,64,0
1.71,50.9,74,1
0.84,1.2,3,0
1.57,52.4,38,1
1.31,32.9,8,1
1.62,11.6,90,0
1.72,87.6,3,0
1.69,49.9,4,0
1.15,24.5,8,1
1.60,248.9,29,0
1.91,100.5,8,0
1.71,76.0,89,1
1.47,134.6,13,0
2.01,90.7,2,0
1.63,75.0,88,1
1.81,65.3,73,1
0.69,374.2,24,0
1.94,363.4,11,0
1.31,203.0,8,0
1.78,67.7,44,1
1.83,62.5,7,0
1.61,63.5,2,0
1.60,271.0,27,0
1.43,35.4,11,1
1.84,85.2,7,0
1.78,60.7,38,1
1.76,52.8,54,1
1.73,74.2,21,1
1.87,55.8,85,1
1.58,68.1,28,1
0.90,14.3,40,0
0.84,12.5,3,1
1.66,57.3,16,1
1.65,60.8,54,1
1.46,23.0,65,0
0.35,27.8,113,0
1.77,69.4,83,1
1.77,86.8,35,1
1.68,58.4,85,1
1.80,58.3,86,1
0.91,15.5,4,1
1.56,62.9,75,1
1.73,59.0,60,1
1.64,58.6,22,1
1.79,76.1,36,1
1.74,70.0,71,1
1.61,64.1,68,1
1.71,80.2,1,0
1.65,64.6,70,1
2.95,290.4,28,0
1.32,30.6,11,1
1.91,107.7,4,0
1.84,65.6,4,0
1.63,58.7,89,1
1.70,190.1,21,0
1.68,18.3,79,0
1.06,2.2,9,0
0.94,13.3,60,0
1.79,90.6,85,1
1.55,74.8,29,1
1.74,73.7,-1,0
1.86,534.5,73,0
1.63,52.9,34,1
1.62,177.5,28,0
1.76,92.6,1,0
1.59,64.5,41,1
1.66,333.7,69,0
1.64,68.9,8,0
1.79,180.1,35,0
1.22,25.9,10,1
1.51,14.0,58,0
0.99,17.4,34,0
1.72,384.6,15,0
1.70,258.1,55,0
0.11,1.5,8,0
1.16,72.9,26,0
1.19,23.1,7,1
1.61,65.7,40,1
1.36,136.6,12,0
1.11,25.3,7,1
1.64,56.8,46,1
1.76,484.5,36,0
1.91,91.5,1,0
1.29,230.1,6,0
1.84,66.3,8,0
1.65,59.7,32,1
1.65,9.8,33,0
1.61,25.9,39,0
1.53,7.3,88,0
1.66,10.8,17,0
1.65,77.2,25,1
1.35,198.6,3,0
1.34,36.6,9,1
1.47,58.1,22,1
1.85,88.3,44,1
1.71,68.2,77,1
0.82,10.4,81,0
1.82,91.3,32,1
1.64,6.5,42,0
0.90,14.0,4,1
1.85,7.9,76,0
1.58,10.6,75,0
1.58,69.3,76,1
1.34,35.1,11,1
1.56,67.7,30,1
1.62,61.6,73,1
0.24,1.1,10,0
1.18,25.2,9,1
1.59,39.1,48,1
1.73,83.4,34,1
1.74,78.9,60,1
1.63,72.2,3,0
1.49,44.4,75,1
1.71,264.2,53,0
1.29,4.5,10,0
1.59,53.2,23,1
1.85,90.0,1,0
1.49,6.0,90,0
1.57,73.1,7,0
1.73,20.5,27,0
1.77,80.5,55,1
1.72,401.1,81,0
1.73,86.5,51,1
1.74,32.7,86,0
1.42,37.4,14,1
1.70,52.9,7,0
1.60,64.0,45,1
1.77,84.5,43,1
1.70,6.2,32,0
1.11,23.1,6,1
1.62,15.3,81,0
1.71,21.0,20,0
1.68,427.4,55,0
2.03,71.4,1,0
0.09,2.6,46,0
0.97,3.5,5,0
1.58,130.0,75,0
1.53,54.4,23,1
1.75,81.7,30,1
1.63,58.9,65,1
1.79,75.7,46,1
1.67,86.5,22,1
1.82,58.8,49,1
1.41,300.0,40,0
1.70,15.2,38,0
0.64,7.4,70,0
1.09,17.1,40,0
1.68,10.3,73,0
1.96,105.0,5,0
0.98,17.9,79,0
1.70,73.2,50,1
1.80,65.7,61,1
1.69,17.3,78,0
1.80,513.6,21,0
1.79,57.0,73,1
1.72,72.4,23,1
1.96,48.3,19,0
0.71,9.4,67,0
1.44,38.4,12,1
1.75,73.1,52,1
1.74,54.5,1,0
1.03,15.4,61,0
1.63,312.9,67,0
1.61,63.9,72,1
1.54,345.7,35,0
0.13,11.9,36,0
1.77,16.4,20,0
0.95,13.9,5,1
1.61,19.1,55,0
1.57,65.0,6,0
1.68,82.9,32,1
1.48,55.1,66,1
2.89,264.7,117,0
1.71,73.4,87,1
1.59,59.2,39,1
2.10,159.7,91,0
1.65,68.6,75,1
1.67,50.8,50,1
0.91,15.9,56,0
1.79,29.6,77,0
1.93,82.9,67,1
1.81,67.6,16,1
1.59,394.6,70,0
0.90,121.5,4,0
1.77,72.4,81,1
1.09,142.5,6,0
1.36,39.7,12,1
0.90,13.8,34,0
1.45,58.8,41,1
1.70,62.6,65,1
1.73,46.4,49,1
1.78,63.8,57,1
1.78,24.2,24,0
0.91,13.5,2,1
1.81,379.4,63,0
1.64,50.5,45,1
2.39,137.0,22,0
1.73,72.6,89,1
1.73,73.3,46,1
1.59,64.6,90,1
1.46,36.1,13,1
1.73,87.6,68,1
1.68,70.5,30,1
1.60,55.1,36,1
1.61,55.1,44,1
1.15,21.5,9,1
1.46,47.6,26,1
1.56,75.0,25,1
0.90,14.5,4,1
1.81,43.7,89,0
1.51,33.3,14,1
1.59,17.6,82,0
1.78,84.8,6,0
1.69,408.3,24,0
1.63,219.8,16,0
1.88,68.3,3,0
0.23,1.6,62,0
1.82,157.9,64,0
1.73,80.0,65,1
1.64,165.6,46,0
1.86,76.1,85,1
1.59,51.2,24,1
0.92,75.7,4,0
1.58,71.5,29,1
1.69,50.7,32,1
1.65,31.4,18,0
1.62,73.2,22,1
1.67,206.3,33,0
1.79,77.4,29,1
1.81,89.5,4,0
1.88,80.5,61,1
1.55,39.1,13,1
1.49,58.0,74,1
1.57,15.1,36,0
1.93,263.8,90,0
1.76,61.7,5,0
1.59,16.8,39,0
0.80,10.2,2,1
1.69,68.2,76,1
1.78,347.1,21,0
1.82,62.8,73,1
1.78,83.7,40,1
1.38,30.6,12,1
1.56,262.5,31,0
1.74,75.8,75,1
1.74,9.7,44,0
0.77,11.9,1,1
1.71,38.0,61,0
1.66,98.4,39,1
0.90,4.0,3,0
1.69,76.0,72,1
0.90,15.2,47,0
1.84,102.7,70,1
1.61,221.7,45,0
1.55,68.2,4,0
1.67,18.1,57,0
1.60,51.8,85,1
1.80,264.9,90,0
1.66,59.5,36,1
1.78,86.3,56,1
1.45,146.2,37,0
1.81,78.1,86,1
1.05,18.4,66,0
1.61,51.1,32,1
1.66,56.8,45,1
1.75,72.4,58,1
0.85,12.6,45,0
1.62,74.6,78,1
1.58,18.3,61,0
1.81,72.4,28,1
1.70,75.0,87,1
1.81,88.7,56,1
1.73,66.1,87,1
1.62,0.4,56,0
1.68,5.5,70,0
1.26,32.5,11,1
0.79,8.8,53,0
1.66,28.9,36,0
1.36,38.3,10,1
1.55,57.6,-6,0
1.54,63.0,70,1
1.83,74.9,18,1
1.54,322.9,26,0
2.68,321.3,3,0
0.96,14.8,88,0
1.14,154.8,8,0
1.64,78.4,71,1
1.51,63.7,57,1
1.84,37.8,68,0
1.47,32.9,13,1
1.71,73.7,21,1
1.76,85.8,77,1
1.70,76.8,5,0
0.67,6.4,47,0
1.75,65.2,68,1
1.78,63.5,85,1
2.04,85.0,1,0
1.61,70.8,36,1
1.73,64.5,25,1
0.78,9.5,59,0
1.59,49.3,89,1
1.55,37.6,13,1
1.69,86.3,89,1
1.48,234.9,13,0
1.67,55.7,79,1
1.56,347.3,81,0
1.72,13.6,28,0
1.75,88.2,51,1
1.80,8.7,47,0
1.85,62.8,76,1
0.89,15.7,45,0
1.79,62.3,29,1
1.56,66.8,19,1
1.69,66.4,70,1
1.03,19.5,51,0
1.61,91.7,87,1
1.60,71.1,90,1
1.57,72.6,53,1
1.65,65.2,81,1
1.49,39.2,6,0
1.54,54.3,56,1
1.70,394.0,89,0
0.94,16.0,4,1
1.87,424.3,21,0
0.82,12.9,2,1
1.80,181.1,31,0
1.57,372.7,63,0
1.83,65.1,89,1
1.64,196.0,18,0
1.59,18.6,61,0
1.69,70.6,41,1
1.65,63.3,85,1
1.64,66.1,66,1
1.62,12.3,62,0
0.84,161.1,10,0
1.41,24.7,10,0
1.54,56.2,81,1
0.97,5.2,4,0
1.61,62.8,65,1
1.69,35.9,50,0
1.46,46.6,47,1
0.86,14.6,2,1
1.96,108.1,8,0
1.82,59.2,8,0
1.18,229.0,6,0
1.48,59.5,-6,0
1.55,181.8,14,0
2.37,145.4,37,0
1.68,48.3,41,1
1.61,356.5,81,0
1.97,91.3,5,0
1.77,53.6,15,1
1.73,68.6,36,1
1.59,318.6,14,0
1.59,69.6,-10,0
0.62,7.5,76,0
1.68,68.3,48,1
2.00,112.9,5,0
1.12,323.3,108,0
1.19,25.9,9,1
1.71,463.0,41,0
0.02,5.7,17,0
1.58,70.4,19,1
1.71,73.7,78,1
1.46,133.8,12,0
1.76,76.1,62,1
1.68,18.7,72,0
1.99,105.3,1,0
1.63,76.6,68,1
1.92,90.6,1,0
1.48,39.3,72,1
1.78,71.9,43,1
0.42,24.9,32,0
1.57,4.0,32,0
1.55,41.7,14,1
2.67,143.2,26,0
1.88,93.2,5,0
1.70,55.6,81,1
1.77,70.0,79,1
0.89,40.2,3,0
0.67,48.5,71,0
1.71,20.4,41,0
0.99,18.2,5,1
1.70,8.0,22,0
0.86,10.9,53,0
1.68,12.1,63,0
1.12,7.1,7,0
2.01,34.2,77,0
1.66,80.7,58,1
1.60,64.3,69,1
1.66,253.4,71,0
1.43,231.7,77,0
1.38,182.8,10,0
1.75,208.4,51,0
1.62,59.1,19,1
1.51,51.1,45,1
1.92,35.1,76,0
1.96,151.6,48,0
1.42,36.8,11,1
1.75,38.0,27,0
1.57,55.5,36,1
1.10,18.7,82,0
1.61,46.5,16,1
1.62,52.9,65,1
1.89,91.8,63,1
1.79,67.0,51,1
1.04,19.6,30,0
1.62,24.8,54,0
1.69,53.4,76,1
1.66,63.0,54,1
1.48,68.6,19,1
1.54,15.1,55,0
1.67,50.9,47,1
1.72,66.6,88,1
0.92,15.3,5,1
1.65,29.2,75,0
0.80,9.5,85,0
1.60,63.8,70,1
1.34,39.1,11,1
1.73,53.1,66,1
1.68,45.9,15,1
1.65,360.8,32,0
1.64,61.1,27,1
1.03,14.9,48,0
1.94,110.5,91,0
1.78,485.0,81,0
1.71,57.1,18,1
1.62,77.3,87,1
1.67,53.8,77,1
1.17,20.3,7,1
1.62,8.6,80,0
1.57,4.5,20,0
1.66,129.9,73,0
1.68,9.7,48,0
1.82,60.1,24,1
1.07,19.3,6,1
1.68,76.0,64,1
0.93,16.1,47,0
1.65,72.6,48,1
1.20,23.0,7,1
0.60,5.7,85,0
1.68,28.6,77,0
1.69,63.9,40,1
1.19,80.0,55,0
1.64,83.2,69,1
1.79,74.1,77,1
1.60,7.2,13,0
1.73,62.8,85,1
1.77,84.1,81,1
1.56,66.8,5,0
1.66,47.4,-10,0
1.83,34.4,78,0
1.81,92.0,65,1
1.66,6.3,31,0
1.65,58.7,74,1
1.75,60.7,18,1
1.65,301.6,15,0
1.76,423.4,54,0
1.78,75.7,50,1
1.66,13.4,60,0
1.80,67.7,86,1
1.81,224.5,31,0
1.68,16.8,34,0
1.55,58.1,72,1
1.60,268.2,83,0
1.69,16.2,72,0
1.72,98.5,-10,0
1.63,168.4,24,0
1.64,54.9,27,1
1.69,191.4,19,0
1.64,48.0,3,0
1.75,82.9,19,1
1.63,46.2,1,0
1.70,10.1,19,0
0.72,7.3,90,0
1.63,14.8,42,0
1.66,79.1,69,1
1.78,90.7,35,1
1.51,17.8,88,0
1.74,80.2,6,0
2.03,105.7,8,0
1.66,79.6,71,1
1.58,10.8,76,0
1.52,58.1,63,1
0.81,2.1,1,0
0.98,8.9,5,0
0.72,8.4,30,0
1.73,73.1,62,1
1.23,31.6,9,1
1.70,62.0,58,1
1.70,65.6,77,1
1.45,43.3,13,1
1.81,83.1,22,1
1.67,47.8,2,0
1.71,60.3,4,0
0.97,17.4,29,0
1.02,17.5,6,1
1.50,17.0,74,0
1.70,91.1,42,1
1.85,105.8,50,1
1.40,36.6,12,1
1.59,16.2,18,0
1.60,80.5,89,1
1.98,91.1,7,0
1.81,10.9,61,0
1.59,74.2,88,1
1.61,299.8,58,0
1.65,49.6,90,1
1.64,47.0,28,1
1.67,68.7,67,1
1.72,70.2,57,1
1.68,0.1,46,0
1.58,52.4,87,1
1.56,66.2,34,1
1.93,8.3,29,0
1.36,34.8,10,1
1.54,52.1,72,1
1.77,68.8,21,1
1.78,6.4,22,0
1.69,83.3,58,1
1.99,88.4,5,0
1.67,51.7,87,1
1.69,180.4,76,0
1.64,41.5,39,1
1.50,24.5,64,0
1.53,46.0,90,1
1.36,36.9,11,1
1.96,103.9,-4,0
1.29,16.9,10,0
1.95,93.1,1,0
1.79,11.1,61,0
1.94,95.2,6,0
1.75,92.8,69,1
1.65,378.1,58,0
1.04,17.0,4,1
1.08,21.3,7,1
1.97,104.9,6,0
0.75,8.5,29,0
0.21,10.1,76,0
1.07,19.5,6,1
1.62,56.2,58,1
1.76,84.6,26,1
1.71,69.3,18,1
1.80,25.1,74,0
1.63,79.1,7,0
1.45,3.2,32,0
1.59,313.6,99,0
1.79,182.1,31,0
1.45,49.5,77,1
1.70,370.2,88,0
1.00,158.8,6,0
1.72,19.2,79,0
1.80,85.9,18,1
1.65,74.3,90,1
1.55,58.5,64,1
1.27,33.7,11,1
1.67,71.7,83,1
1.52,294.8,46,0
1.92,96.3,38,1
1.21,72.3,9,0
1.39,38.6,13,1
1.63,55.5,15,1
1.76,10.7,78,0
1.73,163.0,36,0
1.36,29.6,8,1
1.69,32.6,47,0
0.77,7.3,1,0
1.80,83.0,5,0
1.59,40.9,55,1
0.88,221.2,108,0
1.86,69.0,80,1
1.66,48.6,33,1
1.47,9.0,13,0
1.60,67.1,21,1
1.73,86.4,72,1
1.73,56.7,48,1
1.70,0.2,89,0
1.75,71.9,18,1
1.72,358.9,110,0
2.56,256.0,61,0
1.64,64.9,80,1
1.60,56.4,70,1
2.97,50.2,71,0
1.89,7.6,85,0
1.57,16.1,33,0
2.08,343.5,107,0
1.53,50.2,20,1
1.79,56.5,103,0
1.73,14.6,77,0
1.82,58.2,1,0
1.53,44.9,40,1
1.89,72.1,16,1
0.88,11.6,3,1
1.10,20.0,47,0
1.47,35.0,49,1
1.56,62.7,81,1
1.24,27.6,10,1
1.84,71.6,31,1
1.60,12.9,50,0
1.80,85.1,60,1
1.75,19.6,44,0
1.06,16.7,84,0
1.73,27.5,69,0
2.77,321.7,3,0
1.59,51.6,16,1
0.87,11.7,36,0
1.65,68.8,57,1
1.91,102.5,88,1
1.68,243.1,21,0
1.70,50.0,-3,0
1.80,83.0,42,1
1.77,79.5,56,1
1.51,14.5,42,0
0.78,9.6,33,0
1.82,79.2,2,0
1.82,37.0,54,0
0.76,10.1,2,1
1.77,89.2,2,0
1.33,31.9,11,1
1.61,67.7,88,1
1.84,93.8,4,0
0.89,11.8,63,0
1.68,88.1,89,1
1.45,139.7,87,0
1.93,100.9,5,0
1.39,161.3,32,0
1.90,103.9,88,0
1.60,14.5,15,0
1.77,359.3,47,0
1.72,357.6,72,0
0.81,11.6,2,1
1.56,63.2,32,1
1.73,84.6,48,1
1.59,69.4,4,0
1.87,100.8,4,0
1.55,324.0,59,0
1.19,25.0,7,1
1.56,66.9,7,0
1.72,13.6,17,0
1.64,17.3,65,0
0.82,4.5,3,0
0.64,6.3,82,0
0.80,12.2,78,0
1.66,64.1,77,1
1.67,82.3,78,1
1.47,9.6,59,0
1.41,38.1,14,1
1.72,71.4,73,1
1.67,15.2,71,0
1.20,25.3,8,1
1.73,88.1,76,1
1.22,325.7,50,0
1.81,251.9,19,0
1.69,68.4,25,1
1.18,28.2,7,1
1.55,17.5,62,0
1.66,14.5,23,0
1.73,69.1,30,1
1.72,60.0,49,1
1.81,57.5,83,1
0.80,2.4,2,0
1.70,65.5,73,1
1.55,26.4,83,0
1.78,72.2,21,1
1.83,96.7,8,0
1.71,11.3,78,0
1.69,72.3,42,1
1.58,42.6,46,1
1.74,18.6,38,0
1.66,67.3,19,1
1.46,21.7,13,0
1.83,60.6,17,1
1.80,77.6,58,1
1.64,19.2,42,0
1.75,332.2,86,0
0.64,359.3,68,0
1.63,54.1,32,1
1.61,52.6,24,1
1.72,140.4,52,0
1.77,77.9,5,0
1.80,89.8,73,1
2.02,103.8,6,0
1.69,82.8,20,1
1.56,44.4,6,0
1.63,57.9,90,1
1.69,231.7,34,0
1.59,62.2,28,1
1.61,394.1,24,0
1.58,177.3,87,0
1.61,56.8,3,0
1.96,94.7,3,0
1.65,53.2,41,1
1.62,62.6,-3,0
1.63,316.6,86,0
1.22,251.9,108,0
1.57,274.6,53,0
1.56,56.8,45,1
1.66,15.7,20,0
1.62,71.9,65,1
0.75,10.7,84,0
1.48,340.5,81,0
1.71,17.7,26,0
1.83,7.9,66,0
0.93,215.1,18,0
1.76,60.7,81,1
1.73,75.8,81,1
1.94,76.2,27,1
1.85,88.6,60,1
1.77,81.6,20,1
1.70,158.0,71,0
1.12,138.2,6,0
1.52,42.5,14,1
1.71,54.4,16,1
1.63,51.3,2,0
1.70,6.7,66,0
1.70,64.7,24,1
1.80,82.5,41,1
1.91,68.7,1,0
1.67,318.7,92,0
1.62,379.5,61,0
2.17,238.9,88,0
2.01,216.4,89,0
1.84,80.0,59,1
1.66,71.8,34,1
0.63,34.4,104,0
1.79,85.1,81,1
1.64,387.3,82,0
1.56,42.3,13,1
1.45,129.5,11,0
1.81,131.7,114,0
1.78,39.5,35,0
1.77,22.2,89,0
1.59,74.9,6,0
1.85,58.3,1,0
1.05,18.6,6,1
1.57,27.6,83,0
1.20,23.9,8,1
1.82,227.3,47,0
0.69,8.2,57,0
1.62,53.8,36,1
1.80,78.5,37,1
1.71,74.2,20,1
1.72,85.5,69,1
1.69,65.2,64,1
1.53,52.4,63,1
1.89,89.5,22,1
1.83,64.1,31,1
1.62,79.2,45,1
1.61,52.9,23,1
1.04,20.1,51,0
1.67,67.1,38,1
1.66,72.6,61,1
1.69,75.2,79,1
1.70,15.4,81,0
1.55,15.1,37,0
1.79,174.9,86,0
1.51,68.9,76,1
0.89,7.7,3,0
2.00,78.0,6,0
0.96,15.2,5,1
1.66,43.0,74,1
1.82,70.6,31,1
1.61,40.2,37,1
1.65,58.0,36,1
1.43,150.5,6,0
1.33,33.6,9,1
1.73,23.4,56,0
1.60,26.6,24,0
1.77,77.7,81,1
1.75,186.7,79,0
1.78,39.1,53,0
1.00,14.6,25,0
1.07,17.1,6,1
1.67,357.8,49,0
1.71,32.0,32,0
1.65,259.0,15,0
1.28,8.0,9,0
0.91,15.4,4,1
2.57,379.1,73,0
1.64,11.6,67,0
1.54,59.1,87,1
1.65,74.1,49,1
1.82,99.0,64,1
1.55,26.8,30,0
1.60,124.5,32,0
1.57,6.2,14,0
1.63,57.5,16,1
1.40,121.1,13,0
1.85,75.7,63,1
1.80,95.0,90,1
1.82,207.2,72,0
2.43,67.3,34,0
1.75,57.5,85,1
1.71,458.2,16,0
1.36,38.8,11,1
1.31,28.9,9,1
1.07,20.6,88,0
1.60,403.0,60,0
1.68,70.8,74,1
1.68,65.4,36,1
1.52,58.1,39,1
1.74,323.3,83,0
1.76,89.9,3,0
1.76,13.0,48,0
1.65,345.9,88,0
0.95,8.7,5,0
1.67,60.4,57,1
1.69,76.1,62,1
1.68,81.8,8,0
1.77,34.1,62,0
1.66,190.7,39,0
1.75,67.2,54,1
1.65,73.2,46,1
1.53,56.7,45,1
1.64,64.9,21,1
1.61,10.4,24,0
1.06,33.7,80,0
1.51,43.9,14,1
1.67,74.0,47,1
1.78,180.4,59,0
1.65,61.2,72,1
0.31,237.2,76,0
1.79,288.2,74,0
1.79,71.7,37,1
1.73,13.1,75,0
1.52,59.0,43,1
1.59,39.7,81,1
1.81,94.5,70,1
1.46,55.2,39,1
0.90,14.1,4,1
1.68,57.7,72,1
1.63,59.1,-5,0
2.50,26.0,89,0
1.65,80.7,68,1
1.62,45.9,8,0
1.03,19.5,5,1
2.76,242.6,105,0
1.02,18.4,5,1
1.76,287.6,36,0
1.79,317.7,37,0
1.53,55.4,32,1
1.59,69.4,83,1
0.38,167.0,13,0
1.94,69.8,8,0
1.98,50.6,36,0
1.61,58.5,36,1
1.96,369.6,90,0
1.98,71.1,8,0
1.53,15.5,24,0
2.26,327.5,8,0
1.67,255.8,69,0
1.73,270.9,53,0
1.55,59.5,69,1
1.63,345.2,27,0
1.64,41.7,50,1
0.80,9.7,2,1
1.56,371.5,42,0
0.93,15.6,59,0
1.65,67.9,85,1
1.95,66.8,2,0
1.75,58.6,7,0
1.77,71.0,47,1
1.62,68.2,62,1
1.75,74.4,33,1
1.74,192.2,22,0
1.53,64.9,90,1
1.65,13.8,29,0
1.63,25.5,62,0
1.61,26.1,43,0
1.76,248.2,18,0
1.68,403.9,67,0
1.76,81.8,35,1
1.67,62.8,34,1
1.67,79.7,2,0
1.60,42.9,39,1
1.64,68.9,5,0
1.68,66.5,84,1
1.74,76.2,39,1
1.62,81.7,31,1
1.86,81.0,2,0
1.79,64.0,72,1
1.45,155.3,67,0
1.67,75.1,78,1
1.62,57.0,77,1
1.60,13.3,37,0
1.93,68.7,6,0
1.85,72.8,7,0
0.95,16.4,46,0
0.61,6.0,63,0
1.79,58.6,5,0
1.74,48.9,61,1
0.78,8.7,56,0
1.64,50.4,25,1
1.66,282.6,87,0
1.75,149.0,36,0
1.78,272.3,42,0
2.78,381.6,92,0
1.04,19.9,5,1
0.65,8.0,79,0
1.65,70.6,8,0
1.65,12.6,18,0
1.74,67.5,33,1
0.04,8.8,10,0
1.73,50.5,82,1
1.59,44.5,86,1
1.79,347.1,28,0
1.65,265.2,79,0
0.98,43.8,4,0
1.70,57.8,8,0
1.57,53.6,58,1
1.79,71.7,54,1
1.55,66.1,69,1
1.79,89.3,46,1
2.04,75.7,1,0
1.63,77.8,71,1
1.54,282.2,19,0
1.51,24.1,51,0
1.14,27.2,8,1
0.92,103.2,4,0
1.67,59.0,37,1
1.82,92.2,60,1
1.58,45.2,62,1
1.69,58.7,-2,0
1.76,70.1,55,1
1.70,47.7,41,1
1.81,93.0,7,0
1.75,8.6,64,0
0.85,176.8,72,0
1.80,17.2,55,0
0.95,13.6,32,0
1.61,26.5,79,0
1.16,88.5,9,0
1.62,73.5,40,1
1.53,45.7,38,1
1.61,50.6,6,0
1.52,52.8,81,1
1.27,30.8,9,1
1.67,53.9,55,1
1.81,86.2,80,1
1.75,89.0,85,1
1.47,51.8,84,1
1.73,56.3,52,1
1.58,74.9,55,1
1.78,49.0,89,1
0.74,71.4,2,0
1.72,91.4,57,1
0.71,9.0,74,0
0.77,9.0,45,0
1.55,6.8,86,0
1.72,66.2,5,0
1.78,77.7,40,1
1.66,72.2,62,1
1.80,30.4,33,0
1.77,82.6,61,1
1.67,30.8,32,0
2.21,10.3,112,0
0.72,9.6,53,0
0.45,100.5,43,0
1.66,71.1,69,1
1.59,62.8,89,1
1.58,69.9,49,1
1.68,4.6,82,0
1.09,19.5,6,1
1.76,86.2,81,1
0.80,12.1,82,0
1.77,92.9,5,0
1.59,28.2,82,0
0.66,8.7,101,0
1.52,115.7,44,0
1.66,76.1,39,1
1.69,21.5,23,0
1.81,172.5,80,0
1.64,63.6,71,1
0.84,10.2,43,0
1.58,49.5,79,1
1.64,55.8,57,1
1.67,78.8,70,1
1.69,6.0,24,0
0.94,17.5,60,0
1.66,63.8,61,1
1.72,83.8,7,0
1.60,315.3,52,0
1.74,61.9,47,1
1.61,59.2,69,1
1.61,60.6,74,1
1.68,81.4,33,1
1.79,79.9,33,1
1.70,69.4,40,1
1.73,13.5,61,0
0.35,221.4,95,0
1.70,377.6,24,0
1.62,53.1,14,1
1.15,21.9,7,1
0.69,9.0,44,0
1.45,139.5,64,0
1.67,60.7,19,1
1.60,69.9,66,1
0.28,399.8,95,0
0.69,9.2,77,0
1.90,98.0,7,0
1.56,50.1,44,1
1.72,66.8,59,1
1.56,50.5,75,1
1.14,160.7,8,0
1.73,203.5,46,0
1.05,16.2,45,0
1.07,17.5,51,0
1.06,312.5,44,0
1.82,349.2,57,0
1.74,163.9,27,0
1.77,65.0,69,1
1.67,62.4,68,1
1.39,37.3,13,1
1.59,145.7,18,0
1.67,54.4,85,1
1.66,63.8,74,1
0.46,156.2,81,0
1.62,51.3,72,1
1.74,48.2,24,1
1.73,72.7,27,1
1.69,80.5,85,1
1.69,59.6,16,1
1.71,62.3,79,1
1.76,63.4,73,1
1.75,72.6,-4,0
1.78,297.5,34,0
1.71,61.5,84,1
1.46,60.3,31,1
1.76,70.5,53,1
1.76,167.2,67,0
1.78,74.7,79,1
1.55,241.2,22,0
1.24,62.1,87,0
1.65,61.6,59,1
1.76,83.1,76,1
1.75,76.9,72,1
1.81,74.0,31,1
1.80,96.8,59,1
2.23,291.8,24,0
1.66,34.7,29,0
1.72,87.1,80,1
1.56,37.5,31,1
1.92,84.4,7,0
1.47,51.0,84,1
1.50,51.3,54,1
1.73,12.4,63,0
1.02,19.7,34,0
1.65,4.4,82,0
0.90,15.2,56,0
1.65,8.0,34,0
1.68,51.0,-9,0
1.58,82.3,62,1
1.89,12.9,61,0
1.51,58.0,28,1
1.76,7.8,22,0
1.51,12.2,77,0
0.87,13.5,3,1
1.77,69.0,61,1
1.74,80.8,6,0
1.73,67.7,83,1
1.63,56.8,49,1
1.69,71.7,56,1
1.62,76.3,84,1
0.06,4.5,40,0
1.51,70.2,72,1
1.97,236.6,27,0
1.72,62.9,88,1
1.70,157.6,75,0
1.62,376.3,63,0
1.80,64.4,53,1
1.83,81.1,6,0
1.85,70.1,8,0
1.61,46.0,15,1
1.84,524.3,62,0
1.65,320.0,17,0
1.69,27.6,55,0
2.75,279.8,1,0
1.71,53.7,39,1
1.65,75.1,8,0
1.64,65.4,61,1
1.61,13.6,54,0
1.77,59.2,53,1
1.57,383.3,33,0
1.59,38.8,13,1
1.99,75.8,1,0
1.77,54.0,29,1
1.80,77.6,2,0
1.06,20.2,6,1
1.56,59.8,77,1
1.87,21.5,74,0
1.76,171.7,32,0
2.16,277.0,1,0
1.57,12.6,43,0
1.80,396.6,85,0
1.59,67.0,72,1
1.51,61.1,37,1
1.66,58.5,7,0
1.50,57.1,47,1
1.70,182.0,26,0
2.83,214.4,24,0
1.68,48.4,6,0
1.49,70.9,43,0
2.71,193.1,47,0
1.56,19.1,50,0
1.79,65.8,22,1
1.70,56.5,36,1
1.88,83.4,77,1
0.90,322.9,57,0
1.75,65.9,1,0
1.48,15.2,78,0
1.86,63.1,6,0
1.68,423.4,36,0
1.59,46.1,8,0
1.76,84.1,74,1
0.89,15.4,2,1
1.44,94.2,13,0
1.60,67.0,77,1
1.56,68.4,23,1
1.77,82.4,3,0
1.65,411.8,49,0
1.66,56.6,71,1
1.41,34.9,12,1
1.76,77.6,43,1
1.66,59.2,61,1
1.83,84.6,41,1
1.86,33.0,35,0
1.80,361.8,54,0
0.78,1.0,2,0
1.80,99.1,29,1
0.87,154.7,34,0
1.63,81.0,-3,0
1.74,73.9,26,1
1.77,81.9,83,1
1.82,13.8,41,0
1.51,44.9,16,1
1.55,137.2,78,0
1.48,58.7,90,1
1.82,61.6,30,1
0.78,9.7,67,0
1.59,68.5,38,1
1.72,347.8,16,0
1.68,28.2,16,0
1.71,151.6,23,0
1.73,88.2,7,0
0.75,9.7,25,0
1.70,49.2,2,0
1.09,23.7,48,0
1.71,70.2,19,1
1.78,9.4,24,0
1.54,42.9,13,1
1.64,18.3,30,0
1.73,250.4,51,0
1.82,94.3,73,1
1.53,53.2,44,1
1.82,73.9,63,1
1.64,52.0,29,1
1.59,70.9,43,1
1.75,75.5,45,1
1.69,84.1,2,0
0.47,69.3,88,0
1.69,400.4,64,0
1.15,27.0,8,1
1.67,72.9,1,0
1.65,216.6,88,0
1.73,52.0,46,1
1.60,63.3,61,1
0.80,10.3,2,1
1.60,76.6,2,0
1.92,22.5,20,0
1.56,185.0,61,0
1.49,9.1,48,0
1.61,64.4,80,1
1.53,56.8,-7,0
1.66,28.4,46,0
1.08,6.6,5,0
1.47,28.1,54,0
1.53,36.1,31,1
1.76,55.4,17,1
1.73,244.2,18,0
1.89,7.0,44,0
1.75,38.4,58,0
1.22,127.9,9,0
1.61,390.8,70,0
1.67,21.9,25,0
2.03,104.5,8,0
1.66,52.3,26,1
1.67,56.0,78,1
1.72,38.3,74,0
1.69,57.7,32,1
1.86,19.1,8,0
0.94,12.6,5,1
1.82,66.1,23,1
1.57,8.4,40,0
1.75,210.0,39,0
1.64,79.3,41,1
1.68,70.1,76,1
1.58,222.0,74,0
1.68,80.4,87,1
0.65,7.4,66,0
2.83,327.2,92,0
0.81,12.7,48,0
1.78,82.9,55,1
1.95,96.6,2,0
1.62,55.6,17,1
1.78,34.2,87,0
1.68,83.3,6,0
1.72,71.3,31,1
0.81,10.7,52,0
1.57,0.4,10,0
1.69,76.6,85,1
1.56,76.1,78,1
1.87,38.2,57,0
1.72,17.2,82,0
1.55,6.5,11,0
1.71,299.9,69,0
1.80,74.0,84,1
1.67,60.3,36,1
1.03,19.8,78,0
1.30,352.6,47,0
2.68,70.1,53,0
1.55,6.7,14,0
1.73,7.9,54,0
1.50,22.1,31,0
1.02,17.5,5,1
1.53,38.3,80,1
1.67,73.4,38,1
1.68,69.3,76,1
1.71,452.2,51,0
1.77,69.8,36,1
0.45,182.1,95,0
1.78,54.7,23,1
1.64,52.5,85,1
1.68,70.7,76,1
1.72,71.4,57,1
1.68,75.0,75,1
1.14,360.5,104,0
1.86,57.4,89,1
1.89,18.6,17,0
1.36,9.2,12,0
1.01,106.1,32,0
0.90,319.2,5,0
1.70,61.8,65,1
1.68,43.9,53,1
1.82,72.7,60,1
1.63,6.9,45,0
0.74,8.0,58,0
1.74,82.5,88,1
1.63,54.6,55,1
1.21,27.4,9,1
1.73,35.3,18,0
1.57,54.8,38,1
1.09,23.2,65,0
1.76,211.9,53,0
1.64,59.6,6,0
1.60,72.7,67,1
1.70,61.0,73,1
1.61,379.0,18,0
0.91,12.4,64,0
1.63,63.0,40,1
1.84,84.4,78,1
1.69,440.8,82,0
1.81,80.9,77,1
0.92,14.1,3,1
1.91,62.3,3,0
1.00,17.1,6,1
1.72,22.0,65,0
1.70,59.5,88,1
2.45,209.7,1,0
1.55,53.5,82,1
1.78,289.6,24,0
1.73,54.7,17,1
1.74,89.6,44,1
1.59,61.7,67,1
1.59,234.7,58,0
1.75,488.5,85,0
1.78,62.5,24,1
1.77,82.4,3,0
0.67,7.6,72,0
1.77,65.0,90,1
1.92,81.5,4,0
1.74,145.2,74,0
1.17,26.2,6,1
1.66,87.9,18,1
1.78,73.6,5,0
1.86,38.9,62,0
1.66,32.2,19,0
1.68,72.4,43,1
1.17,209.8,7,0
2.66,379.8,42,0
1.78,59.2,3,0
0.95,17.2,5,1
1.79,164.8,90,0
1.76,10.6,56,0
0.84,12.8,76,0
1.68,45.4,77,1
1.69,75.1,81,1
1.57,73.4,6,0
1.64,8.4,65,0
1.55,49.5,49,1
1.33,38.3,10,1
1.64,58.8,28,1
1.54,215.0,50,0
1.65,46.6,50,1
1.61,58.8,44,1
1.61,52.4,23,1
1.66,5.3,71,0
0.98,19.1,89,0
1.12,191.4,7,0
2.66,139.7,90,0
1.72,361.8,34,0
1.85,82.3,4,0
0.82,13.3,28,0
1.78,86.7,61,1
1.58,57.9,18,1
1.46,42.9,47,1
0.96,18.2,86,0
1.68,26.2,50,0
1.67,43.3,52,1
1.63,48.7,13,1
1.75,51.6,27,1
1.63,62.0,28,1
1.18,312.3,75,0
1.87,22.6,86,0
1.54,58.2,-2,0
1.71,79.7,49,1
1.67,74.9,-7,0
1.72,94.3,77,1
1.68,63.8,67,1
0.92,15.2,86,0
1.42,191.7,12,0
0.12,9.9,14,0
1.66,64.4,55,1
2.24,224.5,92,0
1.91,109.4,86,1
1.28,166.6,7,0
1.65,151.7,85,0
1.63,76.1,43,1
0.03,16.8,3,0
1.67,72.5,49,1
1.61,28.1,51,0
1.66,341.5,65,0
1.74,55.8,35,1
1.81,89.7,30,1
1.52,53.6,55,1
2.23,141.8,31,0
1.61,61.8,33,1
1.68,76.1,75,1
1.68,57.6,39,1
1.56,63.0,5,0
1.66,55.1,34,1
1.23,4.9,9,0
1.21,17.6,8,0
1.93,101.1,5,0
1.88,34.5,90,0
1.61,19.5,52,0
1.75,70.8,36,1
1.74,33.0,81,0
1.22,27.0,10,1
1.68,200.0,86,0
1.75,98.0,29,1
1.65,55.7,53,1
1.61,47.4,53,1
1.71,70.1,71,1
1.67,73.0,66,1
1.66,59.1,40,1
1.29,5.7,10,0
1.12,24.9,6,1
1.60,216.6,57,0
0.94,17.4,28,0
1.69,188.0,61,0
1.79,61.1,3,0
1.56,64.1,59,1
1.72,65.6,47,1
1.56,96.8,113,0
1.51,50.0,61,1
1.56,58.6,55,1
1.76,72.7,28,1
1.77,87.3,63,1
0.99,15.1,51,0
1.74,159.8,44,0
1.67,89.3,25,1
1.66,420.1,34,0
1.51,38.5,47,1
1.58,49.7,5,0
1.57,14.6,89,0
1.76,38.9,39,0
1.74,74.7,4,0
1.69,68.4,63,1
1.75,63.2,18,1
1.58,26.6,84,0
1.07,2.7,6,0
2.71,106.3,112,0
0.99,17.4,5,1
1.72,330.4,69,0
1.91,448.5,36,0
1.75,201.2,23,0
1.34,12.2,10,0
1.76,66.2,25,1
1.71,334.4,51,0
1.74,59.1,38,1
1.89,18.1,44,0
1.79,63.8,77,1
1.59,19.0,34,0
1.60,41.2,64,1
1.47,43.7,66,1
1.81,84.8,66,1
1.75,488.5,76,0
1.69,88.9,73,1
1.62,194.1,80,0
1.70,63.5,82,1
1.73,447.0,60,0
1.64,81.8,57,1
1.58,64.3,37,1
1.81,22.0,52,0
1.74,56.1,83,1
1.45,8.9,20,0
1.75,78.2,59,1
1.47,63.3,55,1
1.74,7.0,32,0
1.59,46.2,16,1
1.74,65.5,63,1
1.62,200.1,48,0
1.89,87.2,47,1
1.85,505.7,17,0
0.08,18.9,15,0
1.71,65.2,77,1
1.71,78.0,89,1
1.02,14.9,78,0
1.74,73.6,3,0
1.66,79.1,62,1
1.71,83.4,43,1
1.74,82.7,70,1
1.63,24.9,62,0
1.27,28.3,9,1
0.97,2.7,4,0
0.97,13.6,65,0
0.63,212.8,45,0
1.63,69.6,30,1
1.55,292.1,67,0
1.75,302.1,66,0
1.71,93.5,82,0
1.70,337.9,84,0
1.55,38.2,13,1
1.70,79.9,64,1
1.72,67.9,67,1
1.67,54.3,57,1
1.73,58.0,15,1
1.84,87.1,62,1
1.57,7.5,37,0
1.77,77.8,87,1
0.96,16.1,68,0
0.98,3.5,5,0
1.75,56.9,2,0
1.40,37.9,10,1
1.57,16.9,52,0
1.69,60.8,20,1
1.18,8.0,100,0
1.99,328.2,43,0
1.64,73.0,84,1
1.92,89.2,2,0
0.89,12.7,3,1
1.67,400.4,51,0
0.49,344.1,103,0
1.57,44.4,70,1
1.73,71.9,72,1
0.67,7.9,85,0
1.52,50.8,54,1
0.76,10.4,26,0
2.20,20.4,101,0
1.74,239.2,28,0
1.86,13.3,27,0
1.62,63.5,32,1
1.80,81.6,52,1
1.83,93.2,89,1
0.81,11.8,2,1
1.70,71.8,31,1
1.56,62.9,19,1
1.86,75.0,50,1
0.62,7.1,72,0
1.57,50.0,77,1
1.83,74.0,58,1
1.72,7.5,29,0
1.51,51.4,55,1
1.60,49.3,65,1
0.98,18.1,4,1
1.54,0.7,54,0
1.71,267.7,29,0
0.97,16.9,3,1
1.56,27.0,41,0
1.33,18.0,10,0
1.71,301.6,22,0
1.83,76.9,66,1
1.55,10.3,21,0
1.06,18.2,73,0
1.53,68.9,24,1
1.70,65.2,75,1
1.61,74.8,72,1
1.34,29.0,12,1
1.53,57.0,88,1
1.05,20.8,57,0
1.67,32.5,30,0
2.03,114.7,3,0
1.76,37.4,36,0
1.72,59.0,73,1
1.91,160.3,42,0
1.69,65.5,85,1
1.54,38.8,15,1
1.83,86.5,68,1
1.04,20.6,6,1
1.31,29.5,11,1
0.06,9.9,89,0
1.00,17.0,67,0
1.82,13.0,24,0
1.64,65.4,88,1
1.72,56.2,78,1
1.13,14.0,8,0
1.72,68.0,88,1
1.54,50.4,67,1
1.75,58.7,69,1
1.97,39.3,94,0
0.89,12.2,76,0
1.68,68.7,50,1
1.47,56.8,49,1
1.69,19.3,70,0
1.63,69.8,70,1
1.67,56.6,29,1
1.65,64.5,73,1
1.62,57.9,25,1
1.71,69.9,4,0
1.13,302.2,64,0
1.59,57.5,85,1
1.69,13.9,32,0
1.73,54.8,16,1
0.88,12.9,4,1
1.62,57.6,22,1
1.72,67.8,67,1
1.77,17.7,57,0
1.49,37.5,13,1
1.68,78.0,26,1
1.65,62.2,61,1
1.76,62.2,58,1
2.09,143.1,68,0
1.56,25.7,87,0
1.70,58.1,17,1
1.58,55.7,65,1
1.79,68.2,67,1
0.61,5.6,76,0
1.73,54.8,38,1
1.66,191.7,32,0
1.33,33.8,11,1
1.69,315.0,23,0
1.65,4.5,75,0
1.82,100.4,54,1
1.76,63.3,82,1
1.81,82.1,5,0
1.84,34.9,34,0
1.73,76.7,-10,0
1.79,75.0,69,1
2.33,45.2,28,0
0.84,1.3,3,0
1.74,18.9,34,0
1.60,60.6,85,1
1.77,49.5,28,1
1.73,88.8,78,1
1.76,20.9,26,0
1.88,62.1,53,1
1.83,59.4,33,1
1.73,85.6,5,0
1.88,94.8,7,0
1.64,7.2,56,0
1.62,42.2,86,1
1.70,258.4,22,0
1.60,52.6,57,1
1.66,73.2,38,1
2.76,268.8,2,0
1.67,78.4,23,1
1.86,86.1,8,0
1.62,131.2,41,0
1.66,14.4,26,0
1.83,191.3,28,0
1.50,153.4,38,0
1.56,47.8,80,1
1.48,315.8,74,0
1.98,109.7,3,0
1.69,67.5,61,1
1.85,6.0,44,0
1.67,125.9,36,0
1.59,39.9,59,1
0.72,2.4,1,0
0.95,299.6,1,0
1.85,76.1,34,1
2.01,118.4,3,0
1.40,239.0,11,0
1.53,39.8,25,1
1.64,66.1,-10,0
1.57,48.7,56,1
1.72,64.8,71,1
1.75,242.9,86,0
0.56,23.2,111,0
1.87,74.9,81,1
1.04,7.8,6,0
1.44,16.0,14,0
1.66,289.9,49,0
1.69,8.5,50,0
1.82,99.2,7,0
1.73,75.4,31,1
0.66,6.8,72,0
0.84,2.6,2,0
1.50,9.9,23,0
1.51,53.0,22,1
1.51,51.4,84,1
1.77,72.6,76,1
1.83,108.1,74,1
1.01,18.5,56,0
1.61,49.7,19,1
1.68,75.8,62,1
1.75,77.5,-4,0
0.94,18.4,3,1
1.80,76.8,70,1
1.84,17.9,63,0
1.60,50.3,80,1
1.98,103.5,3,0
1.69,74.7,68,1
1.53,58.2,88,1
1.58,14.7,55,0
1.42,11.1,12,0
1.29,18.7,9,0
1.72,75.4,58,1
1.16,53.1,44,0
1.36,358.9,61,0
1.81,266.6,49,0
1.75,52.2,2,0
1.71,78.7,69,1
1.66,34.1,83,0
1.66,157.0,87,0
1.35,35.8,11,1
1.71,50.8,66,1
0.20,3.6,48,0
1.89,97.1,27,1
0.88,13.4,60,0
2.36,282.7,16,0
1.76,55.6,5,0
1.75,67.5,59,1
1.71,91.9,-3,0
1.71,346.4,61,0
1.76,77.9,46,1
1.95,67.4,111,0
1.68,22.5,76,0
1.52,54.3,74,1
1.65,66.0,46,1
1.65,310.5,90,0
1.60,14.7,29,0
1.72,71.0,74,1
1.84,339.5,58,0
1.47,46.6,80,1
1.63,62.1,-2,0
1.64,53.0,62,1
1.85,72.3,78,1
1.75,80.3,80,1
1.57,39.9,14,1
1.58,64.4,78,1
1.41,309.7,11,0
1.75,22.9,39,0
1.70,75.2,34,1
2.27,144.9,71,0
1.78,83.3,56,1
1.08,12.6,7,0
1.16,24.2,8,1
1.78,187.5,74,0
1.95,109.1,4,0
1.62,348.2,62,0
2.97,119.0,52,0
1.61,82.2,43,1
1.72,82.7,19,1
1.70,174.1,21,0
1.58,6.0,22,0
0.33,271.1,66,0
1.46,354.3,42,0
1.77,420.4,35,0
1.51,123.1,60,0
1.53,61.1,20,1
2.03,78.1,5,0
1.60,52.7,53,1
1.57,73.1,43,1
1.93,91.2,6,0
1.65,67.2,29,1
1.92,91.6,64,1
1.77,141.9,75,0
1.76,81.8,89,1
1.57,57.6,88,1
1.10,94.0,8,0
1.70,64.3,1,0
1.53,59.3,78,1
1.68,66.8,62,1
1.70,33.3,33,0
1.60,69.1,5,0
0.79,11.6,30,0
1.54,148.4,69,0
1.65,14.7,63,0
0.96,17.4,35,0
1.62,60.9,68,1
1.68,67.5,59,1
1.59,55.4,50,1
1.68,68.4,21,1
1.37,13.2,13,0
1.67,47.9,15,1
2.09,267.7,30,0
1.76,20.0,49,0
1.62,66.0,29,1
1.60,67.3,47,1
1.71,78.2,2,0
1.69,11.0,54,0
1.62,89.3,69,1
1.75,54.5,-2,0
1.62,64.3,81,1
1.66,63.6,76,1
1.62,52.0,27,1
1.58,48.9,14,1
1.75,82.0,4,0
1.71,0.2,20,0
1.59,72.0,89,1
0.77,10.2,57,0
1.75,89.2,42,1
1.65,53.2,66,1
1.56,44.6,24,1
2.75,221.9,10,0
1.55,13.6,46,0
1.90,33.8,85,0
0.98,146.6,5,0
1.67,78.6,6,0
0.67,6.8,58,0
1.74,192.9,51,0
1.63,408.5,17,0
1.63,62.4,50,1
1.68,315.3,14,0
1.45,46.6,73,1
1.61,28.9,38,0
1.64,180.9,27,0
0.92,12.1,77,0
0.93,131.2,4,0
1.83,58.9,8,0
1.67,64.0,3,0
1.86,93.2,46,1
1.70,359.2,111,0
1.42,38.4,12,1
1.73,0.2,52,0
1.65,63.6,56,1
1.89,68.3,6,0
1.50,47.3,14,1
1.71,57.5,84,1
1.62,49.0,16,1
1.79,59.3,73,1
2.07,157.5,39,0
1.88,414.2,22,0
1.84,64.3,1,0
1.76,12.3,36,0
1.68,71.9,71,1
1.75,86.5,87,1
1.61,50.3,74,1
1.73,75.1,25,1
1.56,255.4,33,0
1.60,46.3,41,1
1.05,20.4,78,0
1.13,10.1,7,0
1.47,50.2,77,1
1.60,17.3,44,0
1.45,11.1,64,0
1.65,35.2,62,0
0.62,1.9,55,0
2.46,24.1,74,0
1.63,52.9,-4,0
1.67,65.5,85,1
1.71,68.1,43,1
0.69,377.6,18,0
1.78,82.1,75,1
1.73,88.6,77,1
2.00,202.0,48,0
1.41,35.5,12,1
1.67,13.4,68,0
1.48,46.4,71,1
1.78,91.2,2,0
1.74,14.1,49,0
1.61,213.1,47,0
1.11,9.3,7,0
1.61,4.9,77,0
1.69,72.3,62,1
1.67,366.9,32,0
1.47,11.5,13,0
1.70,307.6,87,0
1.64,45.5,42,1
1.68,66.0,66,1
1.67,16.7,73,0
1.64,41.5,77,1
1.58,19.8,33,0
1.64,41.6,43,1
1.71,64.1,58,1
1.61,69.7,38,1
1.15,14.0,8,0
1.47,48.2,70,1
1.80,7.2,23,0
1.52,43.2,14,1
1.70,320.1,19,0
1.68,238.7,15,0
1.80,59.3,5,0
1.60,341.1,89,0
1.70,70.3,66,1
1.77,64.6,82,1
1.70,33.9,55,0
0.23,2.4,12,0
1.96,69.1,7,0
1.68,54.6,90,1
1.33,32.1,10,1
1.06,18.3,57,0
0.63,150.0,6,0
1.67,8.2,86,0
1.80,68.8,59,1
1.56,52.5,59,1
0.92,16.2,29,0
1.76,18.1,15,0
1.14,22.6,7,1
1.45,37.7,29,1
1.69,75.9,63,1
0.84,11.4,35,0
1.67,73.3,89,1
1.57,299.6,22,0
1.69,30.6,58,0
0.75,8.7,45,0
1.60,378.9,24,0
1.63,71.6,40,1
1.72,79.2,73,1
1.61,68.9,83,1
1.66,62.2,44,1
0.73,10.1,1,1
0.66,7.9,53,0
1.68,22.4,59,0
1.61,54.8,7,0
1.50,113.2,12,0
1.83,92.5,5,0
1.61,75.7,8,0
1.65,46.0,76,1
1.62,53.4,74,1
1.60,59.3,52,1
0.91,272.3,28,0
1.32,11.8,10,0
1.85,14.4,67,0
1.63,32.3,55,0
1.70,61.1,61,1
0.78,38.5,1,0
1.74,64.0,54,1
1.60,32.2,31,0
1.51,26.5,59,0
0.94,17.7,4,1
1.08,90.0,7,0
1.70,170.1,54,0
1.92,105.1,8,0
1.79,39.1,80,0
1.48,208.1,65,0
1.71,54.9,72,1
1.61,72.7,86,1
1.59,59.9,24,1
1.82,7.2,66,0
1.69,75.3,58,1
1.71,8.5,71,0
0.92,1.4,4,0
1.65,62.9,48,1
1.33,8.5,10,0
1.59,55.0,89,1
1.69,70.7,32,1
0.81,10.3,2,1
1.70,82.1,7,0
1.97,86.1,5,0
1.77,33.5,77,0
1.70,65.6,63,1
1.67,12.4,73,0
1.72,64.9,85,1
1.96,78.0,1,0
1.51,66.7,47,1
1.30,37.6,8,1
1.53,176.5,56,0
1.93,105.8,4,0
1.65,74.3,46,1
1.67,289.9,81,0
1.66,66.2,83,1
1.58,56.7,39,1
0.82,10.2,71,0
1.66,60.1,5,0
1.63,54.6,15,1
1.75,61.3,4,0
1.60,46.7,79,1
1.57,336.4,53,0
1.59,43.9,3,0
1.82,56.5,28,1
1.74,66.3,83,1
1.67,62.0,73,1
1.59,63.5,5,0
1.60,44.5,27,1
1.52,23.5,32,0
1.90,101.7,2,0
1.64,56.3,38,1
1.69,79.2,50,1
1.70,315.5,63,0
1.47,35.8,49,1
0.82,9.7,35,0
1.60,51.7,48,1
1.61,143.5,58,0
1.71,81.1,66,1
0.92,16.4,5,1
0.12,4.1,73,0
1.62,59.9,7,0
1.62,74.7,1,0
1.67,4.6,34,0
0.32,122.1,112,0
1.66,72.8,58,1
1.70,89.8,54,1
1.63,60.9,88,1
0.94,108.0,7,0
1.91,89.2,1,0
1.71,77.6,66,1
1.63,242.5,56,0
1.74,38.9,52,0
1.51,58.4,21,1
1.57,263.0,14,0
1.90,99.9,21,1
1.27,30.3,11,1
1.74,71.0,29,1
1.52,76.8,26,1
1.59,33.0,49,0
2.62,28.0,67,0
1.62,66.4,3,0
1.59,59.8,65,1
1.72,11.6,61,0
1.60,69.7,39,1
1.40,37.0,12,1
1.72,55.0,25,1
1.60,67.4,-5,0
1.65,58.7,6,0
1.66,60.6,5,0
1.73,338.6,69,0
1.84,208.9,50,0
1.66,51.2,68,1
1.79,83.8,28,1
1.54,195.8,59,0
1.82,61.6,21,1
1.69,52.8,7,0
0.61,6.2,82,0
1.63,46.3,1,0
0.94,16.4,45,0
1.56,7.2,41,0
1.48,189.1,14,0
1.75,9.1,89,0
1.74,85.5,5,0
1.60,273.8,72,0
1.21,26.6,8,1
1.65,30.3,78,0
1.66,56.1,47,1
1.70,177.5,85,0
0.85,14.0,83,0
1.82,69.1,7,0
1.20,19.1,8,1
1.79,83.1,39,1
1.27,242.5,11,0
1.63,0.2,75,0
1.50,58.8,19,1
1.78,447.7,65,0
1.76,141.3,25,0
0.90,4.1,4,0
1.53,24.0,35,0
0.96,16.9,3,1
1.85,52.8,39,1
2.34,278.8,11,0
1.55,58.5,50,1
1.61,72.6,37,1
1.72,74.2,79,1
1.70,67.0,23,1
1.58,351.0,70,0
1.91,89.3,3,0
1.64,7.6,36,0
1.81,80.9,73,1
1.48,37.1,12,1
1.74,267.2,34,0
1.61,266.4,58,0
0.72,8.2,62,0
1.06,62.5,4,0
1.69,180.3,84,0
1.54,161.9,80,0
1.70,57.4,73,1
1.79,55.7,86,1
1.17,26.1,7,1
1.65,12.5,48,0
1.69,171.1,44,0
1.72,72.5,39,1
1.81,17.6,53,0
1.66,74.9,39,1
1.69,10.2,52,0
1.73,61.6,30,1
1.68,43.6,36,1
1.20,198.4,8,0
1.66,13.2,35,0
1.67,27.3,85,0
1.09,18.9,46,0
0.25,280.6,59,0
1.04,148.4,6,0
1.56,387.9,74,0
1.70,74.9,38,1
1.55,209.8,81,0
1.64,70.2,89,1
1.69,85.4,45,1
1.45,44.0,44,1
1.64,131.1,39,0
1.80,154.7,40,0
1.83,72.0,6,0
1.65,10.7,32,0
1.65,33.3,66,0
1.64,32.6,50,0
1.71,63.7,-6,0
1.56,318.5,24,0
1.72,174.2,71,0
1.82,81.4,20,1
1.63,74.2,43,1
1.57,64.9,28,1
1.67,71.1,25,1
0.82,13.1,56,0
1.57,61.3,82,1
1.60,54.6,64,1
1.73,135.0,46,0
1.69,81.2,78,1
1.82,57.3,42,1
1.56,74.9,83,1
1.79,92.3,39,1
1.78,78.4,33,1
1.53,336.5,72,0
1.62,16.2,24,0
1.72,68.5,84,1
1.56,59.3,87,1
1.95,68.1,3,0
1.67,10.8,87,0
1.65,71.5,68,1
1.74,74.2,77,1
1.45,157.5,52,0
1.70,5.3,56,0
1.64,34.1,76,0
1.56,54.1,77,1
1.73,57.7,89,1
1.59,78.4,39,1
1.66,14.2,23,0
1.63,58.6,63,1
1.11,290.4,34,0
1.79,93.4,7,0
1.28,119.7,43,0
1.63,11.7,44,0
0.94,3.4,4,0
2.04,104.0,6,0
0.41,292.3,61,0
1.73,79.7,84,1
1.12,152.5,8,0
1.71,54.8,2,0
1.76,183.7,62,0
1.58,8.1,36,0
1.78,63.8,16,1
1.61,40.1,30,1
1.66,64.1,31,1
1.64,52.1,6,0
1.09,296.1,100,0
1.69,84.3,89,1
1.79,89.7,51,1
1.78,65.5,46,1
1.82,73.0,60,1
1.75,17.8,64,0
1.75,7.5,66,0
1.58,373.1,31,0
1.69,69.0,32,1
1.59,59.6,19,1
0.98,15.8,32,0
1.57,63.4,26,1
0.77,9.7,1,1
1.38,38.4,12,1
1.61,116.7,78,0
1.85,82.9,70,1
1.69,64.2,8,0
1.61,16.3,19,0
1.26,5.5,10,0
1.63,66.0,84,1
1.72,76.0,64,1
1.45,244.8,61,0
1.73,199.6,80,0
1.78,81.7,79,1
1.69,57.8,89,1
1.80,71.0,83,1
1.01,384.4,31,0
1.58,160.7,61,0
1.80,77.8,39,1
0.79,11.5,41,0
1.59,238.0,30,0
1.80,66.4,58,1
2.43,149.7,46,0
1.52,54.3,30,1
1.64,61.2,58,1
1.68,256.2,86,0
1.60,17.2,20,0
1.73,57.8,84,1
1.64,47.8,86,1
1.75,300.9,86,0
1.72,79.8,82,1
1.64,334.6,85,0
1.66,62.5,18,1
0.25,132.4,98,0
1.65,71.2,61,1
1.70,28.6,45,0
1.66,55.3,40,1
1.77,63.5,7,0
1.66,16.2,39,0
1.66,67.2,35,1
1.73,445.1,64,0
1.89,93.3,3,0
1.51,0.7,53,0
1.95,46.3,64,0
1.69,0.3,81,0
1.27,25.9,10,1
1.56,58.5,72,1
1.60,86.4,25,1
1.54,343.9,88,0
1.23,27.7,8,1
2.13,38.2,8,0
2.02,122.2,6,0
1.71,169.1,39,0
1.58,16.0,71,0
1.63,47.7,24,1
0.61,6.5,70,0
1.84,497.5,80,0
1.71,47.7,74,1
2.43,103.4,55,0
1.83,87.2,6,0
1.75,413.5,42,0
1.73,71.8,28,1
1.49,10.0,13,0
1.66,58.0,5,0
1.74,71.5,40,1
1.65,71.9,51,1
1.80,6.4,24,0
1.75,19.6,21,0
1.61,59.1,90,1
1.70,53.6,29,1
1.70,64.0,38,1
2.30,119.5,82,0
0.78,9.9,33,0
1.36,120.1,11,0
1.16,379.5,86,0
1.63,32.4,38,0
1.79,68.8,67,1
1.68,187.5,79,0
1.70,11.9,52,0
1.66,0.6,57,0
1.46,266.4,23,0
0.93,118.3,4,0
1.72,53.5,7,0
1.34,90.2,10,0
1.18,123.0,8,0
1.60,9.5,59,0
0.65,354.3,64,0
1.67,53.4,71,1
1.68,55.4,83,1
1.69,49.8,52,1
1.80,58.7,30,1
0.79,12.1,2,1
0.84,10.8,80,0
1.59,61.9,6,0
1.66,59.1,85,1
1.64,63.0,63,1
1.92,98.7,7,0
1.61,0.7,54,0
1.85,101.2,4,0
1.69,66.4,41,1
1.80,51.7,22,1
1.75,65.1,18,1
0.69,7.8,59,0
1.73,75.9,27,1
1.59,13.7,51,0
1.62,56.1,39,1
1.58,60.8,58,1
1.71,255.3,40,0
0.73,67.3,1,0
1.96,103.8,4,0
1.83,65.5,84,1
1.66,72.7,74,1
2.88,164.1,28,0
1.82,84.9,73,1
1.77,77.0,57,1
1.76,62.0,57,1
1.63,56.5,82,1
0.65,7.8,47,0
1.74,28.8,58,0
0.79,10.6,1,1
1.64,20.1,69,0
1.35,36.7,11,1
1.06,20.2,6,1
0.77,11.2,84,0
1.66,50.0,31,1
1.68,47.5,60,1
1.75,58.1,39,1
1.78,171.1,22,0
1.64,53.1,6,0
1.86,71.9,-9,0
1.84,43.4,74,0
1.45,38.7,69,1
1.87,81.3,4,0
1.71,76.1,55,1
1.16,299.0,39,0
1.60,53.6,81,1
1.64,54.6,18,1
1.63,72.1,77,1
1.70,79.6,44,1
0.80,12.6,83,0
1.68,78.8,78,1
1.49,54.7,74,1
1.64,410.0,35,0
1.75,449.3,70,0
1.92,68.0,5,0
2.03,87.9,5,0
0.73,9.9,87,0
1.61,63.1,53,1
1.53,195.5,14,0
1.79,336.5,62,0
1.69,72.0,36,1
1.75,58.2,17,1
1.61,43.8,74,1
0.88,305.5,7,0
1.86,262.5,62,0
1.63,26.7,22,0
1.70,107.7,50,1
1.20,28.8,9,1
2.05,119.6,4,0
1.58,46.9,88,1
0.77,10.0,1,1
1.54,57.8,82,1
1.66,49.6,51,1
1.66,11.1,50,0
1.55,72.3,46,1
0.71,10.3,1,1
1.69,21.9,62,0
1.79,49.7,63,1
1.63,59.4,22,1
1.52,36.6,69,1
1.67,57.4,5,0
1.71,70.0,36,1
0.91,13.9,55,0
2.01,106.0,2,0
1.59,42.6,15,1
1.48,7.9,38,0
1.72,61.8,21,1
1.72,28.6,77,0
1.73,55.9,69,1
1.57,55.9,48,1
1.68,53.2,2,0
1.67,198.1,66,0
1.54,30.0,69,0
1.69,5.4,30,0
1.70,65.8,34,1
2.90,104.6,5,0
1.62,55.5,70,1
1.70,8.3,46,0
1.76,89.8,18,1
1.71,54.2,3,0
1.50,66.2,57,1
1.18,128.4,44,0
1.65,72.1,58,1
1.75,94.9,27,1
0.96,49.6,4,0
1.63,20.2,61,0
1.77,71.4,48,1
1.63,69.8,27,1
1.74,80.2,20,1
1.54,48.1,15,1
1.67,60.1,47,1
1.80,69.9,2,0
0.83,13.4,36,0
0.66,7.8,77,0
1.96,65.5,1,0
1.06,5.1,57,0
1.75,84.0,5,0
1.77,76.8,64,1
1.56,63.9,88,1
1.66,18.1,36,0
1.87,40.2,53,0
1.49,255.5,14,0
0.74,9.4,29,0
1.55,68.0,42,1
1.76,32.3,45,0
2.41,247.9,55,0
1.62,196.4,78,0
1.79,60.6,61,1
1.63,78.9,61,1
1.73,76.6,64,1
1.76,72.3,59,1
1.10,20.0,87,0
1.72,75.6,71,1
1.65,67.1,81,1
1.32,35.7,12,1
1.68,18.2,25,0
1.83,307.3,34,0
1.65,65.1,53,1
1.28,12.5,11,0
1.72,5.4,70,0
1.47,117.4,13,0
1.68,65.1,54,1
1.99,100.0,6,0
1.55,0.2,78,0
1.68,28.9,54,0
1.99,78.6,2,0
1.59,20.0,13,0
1.70,60.8,65,1
1.79,0.9,31,0
1.74,245.4,68,0
0.83,11.7,90,0
1.69,59.1,37,1
1.54,154.5,71,0
1.52,54.3,24,1
1.73,66.2,68,1
1.68,4.5,27,0
1.63,314.0,23,0
1.80,25.1,27,0
0.93,209.4,26,0
1.64,61.8,69,1
1.69,56.1,47,1
1.86,76.8,22,1
1.59,64.1,40,1
1.75,73.8,30,1
1.32,22.1,10,0
0.76,69.4,2,0
1.70,33.3,30,0
1.80,449.3,58,0
1.66,71.6,25,1
1.45,35.9,68,1
1.59,10.7,38,0
1.59,41.2,46,1
1.86,0.1,14,0
2.01,113.7,8,0
0.88,11.0,3,1
1.69,76.7,89,1
1.86,79.4,86,1
2.38,28.3,114,0
1.49,68.3,56,1
1.73,77.1,47,1
1.79,7.1,73,0
1.78,62.5,55,1
1.83,9.6,36,0
1.70,263.1,68,0
1.75,80.0,71,1
0.99,13.4,6,1
1.79,237.1,89,0
1.67,49.4,57,1
1.58,52.1,39,1
1.60,59.9,29,1
0.88,13.3,3,1
1.70,54.3,58,1
1.79,56.1,4,0
1.89,69.2,6,0
1.80,15.3,26,0
1.68,44.6,82,1
1.65,14.1,83,0
1.68,41.1,15,1
1.58,17.8,20,0
1.58,4.4,44,0
1.09,19.8,6,1
1.63,188.4,74,0
1.62,10.6,53,0
0.89,12.6,84,0
1.66,59.6,80,1
0.83,103.2,1,0
1.51,55.4,46,1
0.55,113.0,70,0
1.00,17.1,28,0
2.02,74.1,3,0
1.71,106.2,48,1
1.73,60.6,32,1
1.36,33.0,11,1
1.57,61.4,75,1
1.21,22.8,8,1
1.68,127.9,36,0
1.81,134.6,11,0
1.77,86.4,18,1
1.67,162.0,24,0
0.92,12.3,84,0
1.61,52.0,64,1
0.97,2.6,4,0
1.60,57.3,24,1
1.91,10.2,77,0
2.01,110.1,8,0
0.94,61.0,111,0
1.56,336.8,44,0
0.83,10.5,41,0
1.13,23.2,6,1
1.16,148.7,9,0
1.61,128.8,66,0
0.66,7.0,27,0
0.99,18.1,7,1
1.64,182.2,36,0
1.82,77.8,81,1
1.51,58.9,85,1
1.85,94.2,52,1
0.86,186.5,19,0
1.75,67.4,38,1
1.97,108.3,36,1
1.58,254.8,16,0
1.96,71.7,46,1
1.00,16.7,4,1
1.56,68.3,19,1
1.21,31.0,10,1
0.43,201.6,94,0
1.67,53.9,63,1
1.69,51.7,72,1
1.05,363.0,98,0
1.61,56.4,84,1
1.63,309.3,82,0
1.67,72.8,26,1
1.65,44.6,32,1
1.68,195.7,49,0
1.65,71.8,35,1
1.65,76.2,56,1
0.68,7.2,81,0
1.63,140.9,75,0
1.76,89.0,38,1
1.58,256.0,74,0
1.90,1.0,79,0
0.48,32.1,45,0
1.32,39.8,12,1
1.71,71.1,37,1
1.92,70.0,1,0
2.55,354.5,39,0
1.66,55.7,14,1
1.70,73.7,48,1
1.17,26.4,10,1
2.64,399.6,55,0
1.80,59.0,71,1
1.74,66.5,48,1
1.57,299.3,57,0
2.00,71.6,7,0
1.55,121.5,68,0
1.58,57.8,56,1
1.70,56.3,15,1
1.44,126.0,6,0
1.58,172.9,18,0
1.96,62.2,61,1
1.57,61.2,8,0
1.52,43.2,41,1
1.70,17.9,41,0
0.92,12.8,73,0
0.70,7.0,49,0
1.08,17.6,68,0
1.59,149.8,32,0
1.55,55.6,71,1
1.77,62.9,90,1
1.65,403.5,19,0
1.53,124.2,38,0
1.69,78.2,76,1
1.58,42.9,15,1
1.64,66.2,87,1
1.54,21.6,13,0
1.59,320.1,91,0
1.65,401.4,28,0
1.35,37.1,9,1
1.63,224.2,72,0
1.67,131.2,49,0
1.71,71.9,85,1
1.52,199.0,31,0
1.64,56.2,55,1
1.60,61.0,77,1
1.60,312.9,17,0
2.54,159.0,25,0
1.68,372.8,39,0
1.65,66.3,41,1
1.85,43.4,22,0
1.40,233.7,12,0
1.57,226.6,70,0
2.96,104.2,30,0
1.70,78.6,5,0
1.65,52.9,62,1
1.54,194.9,84,0
1.61,81.4,84,1
1.65,53.1,15,1
1.62,61.5,63,1
1.64,54.9,27,1
1.67,52.8,15,1
1.12,22.0,6,1
1.97,112.7,4,0
2.83,343.2,77,0
0.70,232.5,54,0
1.59,14.9,30,0
2.95,70.0,118,0
1.56,57.4,85,1
1.65,76.6,35,1
1.81,83.0,57,1
1.72,33.1,35,0
1.68,188.9,87,0
1.77,16.6,33,0
1.80,5.3,81,0
1.59,17.5,38,0
1.75,74.1,19,1
1.66,195.0,71,0
1.74,175.4,64,0
1.69,25.9,34,0
1.00,4.8,6,0
1.26,226.7,8,0
1.64,60.2,18,1
0.99,14.4,82,0
1.70,48.8,17,1
1.59,27.7,60,0
1.75,47.7,76,1
0.62,6.4,67,0
0.88,59.3,4,0
1.70,69.4,89,1
1.69,67.2,5,0
1.65,50.3,17,1
1.54,43.9,72,1
0.84,10.3,43,0
1.71,71.3,68,1
1.21,4.5,9,0
1.65,72.0,27,1
1.64,4.6,22,0
1.72,54.2,44,1
1.74,60.6,34,1
1.56,58.6,75,1
1.60,46.1,14,1
0.87,13.3,3,1
1.46,42.9,45,1
1.68,61.4,65,1
1.69,57.7,3,0
1.71,67.2,32,1
1.68,295.4,86,0
1.55,45.5,81,1
1.84,21.8,44,0
1.91,79.5,3,0
1.70,45.1,80,1
1.68,63.9,88,1
1.48,52.0,50,1
1.45,43.7,73,1
0.78,249.2,8,0
1.79,65.9,28,1
1.71,0.2,83,0
1.76,81.5,44,1
1.98,103.1,52,1
1.69,67.7,51,1
1.68,54.8,50,1
1.58,58.3,21,1
1.64,7.3,15,0
1.65,62.9,7,0
1.67,289.2,21,0
1.99,159.8,18,0
1.59,243.8,14,0
1.72,69.4,28,1
1.66,69.3,50,1
1.91,66.7,4,0
1.94,68.9,1,0
1.05,20.7,56,0
1.68,72.8,74,1
1.53,34.8,13,1
1.67,249.0,57,0
2.02,80.1,5,0
1.67,74.5,56,1
1.76,5.4,26,0
2.04,83.5,3,0
1.63,49.9,33,1
1.76,5.0,83,0
1.67,16.1,36,0
0.87,12.2,38,0
1.47,36.3,14,1
1.03,19.1,43,0
1.57,18.4,18,0
1.69,63.5,82,1
1.15,21.0,9,1
0.74,9.1,64,0
1.74,78.0,72,1
1.27,368.9,62,0
1.78,91.2,64,1
1.69,32.4,23,0
1.73,8.0,69,0
1.70,307.2,38,0
1.73,84.8,85,1
1.58,77.3,22,1
1.84,80.5,20,1
0.57,164.5,71,0
0.22,5.5,42,0
1.80,379.8,20,0
1.69,59.5,72,1
1.64,51.9,17,1
1.63,56.8,49,1
1.85,84.4,7,0
1.52,57.5,53,1
1.70,14.4,51,0
0.65,281.6,97,0
0.92,88.0,3,0
1.66,60.0,57,1
0.99,102.2,5,0
1.79,75.2,64,1
0.88,299.7,111,0
1.71,30.6,34,0
1.84,63.4,46,1
1.75,0.8,49,0
0.89,11.8,25,0
1.51,42.8,73,1
1.69,70.4,90,1
0.99,7.7,115,0
1.45,4.7,13,0
1.72,72.3,28,1
1.67,66.5,74,1
1.46,22.5,36,0
0.75,11.0,80,0
2.64,346.7,56,0
1.84,396.1,42,0
1.56,60.9,65,1
1.80,68.7,20,1
1.05,18.3,28,0
1.58,61.5,61,1
1.74,6.2,80,0
1.74,58.4,16,1
1.16,60.8,73,0
1.70,372.9,63,0
1.64,6.2,40,0
1.70,247.1,73,0
1.56,12.2,13,0
1.69,176.8,28,0
1.68,423.4,15,0
1.71,83.4,82,1
1.83,84.5,80,1
1.80,8.1,45,0
1.59,56.1,47,1
0.95,17.6,61,0
1.54,30.0,43,0
1.66,57.6,1,0
1.65,67.7,57,1
1.66,4.6,34,0
1.69,239.2,50,0
1.28,32.6,10,1
1.04,125.0,5,0
1.53,47.3,41,1
1.65,68.7,90,1
1.62,80.6,29,1
1.59,54.4,18,1
1.61,16.2,83,0
1.59,54.5,7,0
1.24,29.8,8,1
1.40,111.3,12,0
1.76,86.0,19,1
1.64,70.5,35,1
2.04,78.0,5,0
1.63,47.4,17,1
1.79,77.4,75,1
1.70,56.1,45,1
1.73,67.4,54,1
1.62,88.3,45,1
1.28,3.5,9,0
1.62,6.9,31,0
1.64,343.0,89,0
1.74,17.0,81,0
1.73,27.5,28,0
1.82,85.6,56,1
1.74,60.0,80,1
1.82,101.9,56,1
1.60,147.6,81,0
1.76,52.6,20,1
1.20,132.8,9,0
1.50,38.9,63,1
1.71,72.2,5,0
1.61,131.8,44,0
1.51,69.5,83,1
1.66,66.8,19,1
1.70,19.6,62,0
1.72,53.4,61,1
2.01,96.1,8,0
0.89,11.6,37,0
1.82,76.3,22,1
1.67,61.9,44,1
1.68,20.3,28,0
1.46,44.2,35,1
1.21,182.2,8,0
1.60,138.7,36,0
0.89,10.9,3,1
1.78,73.3,46,1
1.69,81.6,88,1
1.78,11.0,23,0
1.37,87.8,78,0
1.67,72.7,78,1
1.93,79.1,8,0
1.62,204.7,94,0
1.58,44.2,14,1
1.76,22.6,66,0
1.79,110.1,85,1
1.58,52.4,104,0
1.70,75.6,71,1
1.70,397.1,16,0
1.61,30.2,90,0
1.84,91.0,56,1
1.73,55.1,84,1
1.84,91.1,8,0
1.03,19.6,51,0
1.57,68.7,49,1
1.96,94.5,4,0
1.60,25.7,39,0
2.41,192.5,113,0
1.69,65.5,63,1
1.68,22.2,50,0
1.08,18.2,45,0
1.68,47.1,69,1
1.67,71.3,1,0
2.94,268.1,63,0
1.63,300.6,62,0
1.99,78.4,4,0
1.72,54.9,16,1
1.48,11.9,13,0
1.72,26.9,84,0
1.61,75.7,23,1
1.67,219.7,72,0
1.46,369.4,66,0
2.04,121.8,2,0
1.77,57.1,5,0
1.58,17.9,61,0
1.81,77.6,3,0
1.94,91.7,77,1
2.01,96.6,2,0
1.86,91.3,1,0
1.73,78.8,48,1
1.72,64.4,1,0
1.65,137.8,83,0
1.79,29.2,80,0
1.03,16.2,6,1
1.64,75.6,1,0
1.33,230.2,11,0
1.68,57.9,7,0
0.25,336.1,3,0
1.58,50.4,55,1
1.74,67.7,88,1
1.92,71.8,28,1
1.61,50.7,15,1
0.71,7.3,32,0
1.51,281.0,52,0
1.56,44.1,5,0
1.89,84.0,5,0
1.99,187.2,28,0
1.61,68.8,54,1
1.70,64.0,59,1
0.54,299.5,16,0
1.94,103.5,8,0
2.01,90.2,8,0
1.11,21.1,7,1
1.95,66.3,53,1
1.66,80.8,60,1
1.56,52.3,73,1
1.62,91.9,43,1
1.73,74.8,40,1
1.59,48.6,83,1
1.69,65.8,75,1
1.65,395.9,69,0
1.60,292.1,40,0
1.82,89.4,31,1
1.65,53.7,-1,0
1.77,68.3,1,0
1.67,416.0,53,0
1.64,335.2,73,0
1.61,28.2,59,0
1.73,356.8,37,0
1.76,81.5,35,1
1.75,59.2,17,1
1.66,61.3,38,1
1.55,58.6,68,1
1.61,60.2,6,0
1.51,193.7,94,0
1.76,92.1,69,1
1.73,46.3,79,1
1.48,111.3,88,0
1.74,59.2,17,1
1.92,110.5,2,0
1.88,40.5,51,0
1.79,11.7,26,0
1.74,65.4,53,1
1.61,78.3,76,1
0.95,136.7,107,0
1.34,22.6,11,0
1.44,38.0,14,1
1.80,309.5,90,0
1.54,0.9,47,0
1.03,18.6,26,0
1.61,328.5,46,0
1.78,414.9,80,0
1.53,190.3,62,0
1.06,158.3,5,0
1.64,58.6,38,1
1.63,242.6,48,0
1.45,50.4,36,1
1.72,53.3,15,1
1.62,333.7,36,0
2.76,324.4,10,0
1.88,281.9,25,0
1.06,22.0,5,1
1.56,47.3,72,1
1.67,142.3,17,0
0.87,80.7,4,0
1.56,60.0,71,1
1.43,216.1,14,0
1.72,69.3,73,1
1.69,75.4,68,1
1.66,63.4,42,1
1.54,36.7,73,1
1.66,305.7,14,0
1.83,335.2,21,0
1.74,311.6,59,0
1.56,397.3,61,0
1.76,432.4,70,0
1.60,67.7,3,0
2.48,234.4,97,0
1.68,59.6,35,1
0.88,12.6,3,1
1.91,21.2,74,0
1.51,66.7,57,1
1.63,281.8,33,0
1.80,94.4,57,1
1.03,31.3,97,0
0.99,17.4,4,1
1.53,56.7,74,1
1.77,48.8,-3,0
0.89,117.0,72,0
1.78,74.6,7,0
1.60,74.5,71,1
0.30,153.9,74,0
1.73,56.8,3,0
1.78,17.2,42,0
2.52,30.6,50,0
1.46,61.0,38,1
1.03,15.2,69,0
1.70,79.6,74,1
1.67,55.5,29,1
1.72,401.2,30,0
2.22,103.3,67,0
1.69,83.0,28,1
1.73,15.1,86,0
2.27,69.1,11,0
1.76,63.4,57,1
1.68,74.7,61,1
1.80,84.5,55,1
1.67,56.6,67,1
1.16,19.2,106,0
1.67,354.0,90,0
1.62,32.8,84,0
1.61,55.1,75,1
1.95,96.7,19,1
1.77,362.0,88,0
1.68,79.9,82,1
1.68,370.9,53,0
2.90,366.0,39,0
1.62,87.3,65,1
1.68,32.6,24,0
1.45,62.9,39,1
1.84,74.5,6,0
1.62,0.7,8,0
1.83,17.3,61,0
1.81,11.4,80,0
1.87,95.4,86,1
1.45,45.1,34,1
1.68,70.5,37,1
1.17,20.7,9,1
1.64,52.9,-2,0
1.65,56.7,33,1
0.05,7.0,72,0
1.64,131.9,18,0
1.58,52.0,56,1
1.62,48.3,6,0
1.53,71.0,51,1
1.63,268.9,74,0
1.85,78.6,34,1
1.67,66.1,71,1
1.02,18.6,4,1
1.68,46.0,18,1
1.84,52.5,25,1
1.73,69.6,84,1
1.79,29.8,38,0
1.77,51.2,74,1
2.66,323.4,119,0
1.06,161.3,6,0
1.79,90.3,3,0
1.90,73.4,7,0
0.10,9.6,9,0
1.71,458.3,50,0
2.06,61.5,111,0
1.62,51.2,38,1
1.72,84.8,39,1
1.43,260.2,13,0
1.67,59.1,69,1
1.70,177.3,88,0
1.63,20.3,69,0
1.57,42.5,14,1
1.56,7.6,25,0
1.65,81.1,22,1
1.86,375.7,47,0
1.52,3.6,49,0
1.46,297.3,68,0
1.63,68.2,38,1
1.20,184.3,9,0
1.58,8.1,29,0
1.60,67.5,34,1
1.59,54.9,79,1
1.98,82.3,4,0
1.56,113.9,88,0
0.65,7.6,31,0
1.69,66.0,38,1
1.76,75.8,46,1
1.71,290.8,74,0
1.52,266.4,86,0
1.56,58.0,68,1
1.63,67.2,58,1
1.72,73.0,38,1
1.68,242.8,74,0
1.59,6.4,19,0
1.70,83.3,46,1
1.34,53.5,60,0
1.70,73.1,4,0
2.02,100.3,8,0
0.91,12.3,3,1
1.72,182.5,88,0
1.76,67.0,54,1
1.41,114.0,12,0
1.70,61.2,61,1
1.75,6.0,76,0
1.71,5.1,65,0
1.65,73.8,30,1
1.77,59.5,28,1
0.32,289.1,17,0
1.01,134.0,5,0
0.98,10.0,52,0
0.79,10.1,25,0
1.72,22.8,50,0
1.78,40.6,82,0
1.63,46.7,45,1
1.64,41.8,76,1
1.19,30.1,7,1
0.74,8.5,2,1
1.59,329.3,66,0
0.70,8.4,31,0
2.19,360.6,116,0
1.73,69.5,45,1
1.63,44.3,20,1
1.91,64.5,7,0
1.79,67.5,65,1
1.84,19.6,42,0
1.65,8.1,53,0
1.62,55.7,39,1
1.86,82.7,8,0
1.72,58.6,2,0
1.10,21.2,8,1
1.80,112.3,52,1
1.54,58.1,23,1
1.67,72.7,50,1
1.70,6.7,27,0
1.65,383.5,59,0
1.60,62.1,31,1
1.75,20.0,32,0
0.96,15.6,66,0
1.37,35.4,12,1
1.71,80.9,54,1
1.59,47.9,14,1
1.87,87.3,44,1
1.80,213.8,35,0
0.87,12.6,3,1
1.78,64.1,29,1
1.53,45.8,40,1
1.80,70.6,8,0
1.52,295.9,26,0
1.64,345.2,25,0
1.51,51.1,62,1
1.70,71.4,8,0
1.57,368.1,47,0
1.58,53.1,85,1
1.77,193.2,35,0
1.70,32.0,62,0
2.03,82.0,6,0
1.68,10.1,58,0
1.79,98.1,84,1
1.51,44.6,79,0
1.67,74.5,8,0
1.95,75.3,87,1
1.71,17.3,68,0
1.61,70.6,50,1
1.71,61.5,48,1
0.91,16.1,3,1
1.55,14.5,21,0
1.77,71.9,67,1
1.74,68.3,33,1
1.63,362.5,71,0
2.53,145.5,65,0
2.39,135.2,74,0
2.64,64.4,116,0
1.64,26.6,72,0
1.69,57.4,57,1
1.59,57.5,58,1
1.64,55.5,73,1
1.61,64.2,45,1
1.71,133.2,84,0
1.79,55.7,6,0
0.83,12.1,3,1
1.63,87.9,27,1
1.75,69.8,41,1
1.70,55.2,44,1
1.70,68.7,54,1
1.71,72.0,27,1
2.92,222.0,49,0
1.49,180.8,57,0
1.68,317.1,73,0
1.06,21.2,27,0
1.60,62.5,83,1
1.68,62.4,66,1
1.63,59.5,48,1
1.63,50.4,69,1
0.89,3.7,4,0
1.57,24.4,39,0
0.83,1.3,4,0
1.53,3.7,74,0
1.59,80.5,89,1
0.02,6.3,38,0
2.90,172.5,76,0
1.37,34.7,11,1
1.64,19.2,61,0
0.83,11.0,2,1
1.81,95.8,62,1
1.82,80.3,76,1
0.72,9.4,1,1
1.59,58.2,29,1
1.97,306.1,67,0
0.82,10.8,32,0
1.61,26.9,14,0
1.68,78.5,32,1
1.17,102.7,7,0
0.74,85.5,1,0
1.71,60.8,15,1
1.85,84.1,72,1
1.72,66.1,62,1
1.02,14.8,27,0
2.81,179.8,44,0
1.73,69.1,83,1
0.84,65.5,3,0
1.69,83.4,52,1
0.99,13.8,76,0
1.62,197.9,116,0
0.65,8.2,74,0
1.75,71.9,74,1
1.34,3.7,12,0
1.08,22.3,87,0
2.03,68.0,26,0
1.54,54.7,47,1
1.65,25.7,44,0
1.66,60.4,90,1
1.78,177.2,36,0
1.69,156.0,78,0
1.79,73.4,38,1
1.89,83.3,72,1
1.62,18.5,34,0
1.61,4.3,78,0
1.60,51.4,69,1
1.73,73.5,36,1
1.42,295.1,10,0
2.56,217.0,45,0
1.57,47.0,48,1
1.70,45.4,84,1
1.65,28.9,58,0
1.58,51.8,87,1
1.92,7.1,86,0
1.64,4.4,71,0
1.35,25.3,11,1
1.68,69.6,80,1
1.53,64.0,27,1
1.88,105.3,63,1
1.69,69.0,4,0
1.79,72.1,7,0
1.78,274.2,37,0
0.97,14.8,77,0
1.70,10.9,68,0
1.63,212.8,75,0
1.61,248.9,28,0
1.64,75.3,82,1
1.05,20.6,6,1
1.57,56.6,76,1
1.69,55.2,15,1
1.65,87.3,21,1
1.62,29.5,58,0
1.66,22.0,31,0
2.07,266.0,118,0
1.75,84.6,65,1
2.03,103.4,2,0
1.78,65.6,45,1
1.69,149.2,41,0
1.72,11.3,63,0
1.64,5.8,42,0
1.78,54.3,3,0
1.52,5.9,13,0
1.49,37.7,27,1
1.46,13.5,20,0
1.66,256.2,43,0
1.12,21.2,6,1
1.59,62.6,28,1
1.49,303.4,23,0
1.76,92.7,7,0
1.63,40.9,57,1
1.64,66.0,41,1
1.63,63.0,50,1
1.70,59.1,1,0
1.52,57.5,18,1
1.80,59.8,17,1
1.56,255.2,46,0
1.66,74.9,22,1
1.62,7.3,49,0
1.61,62.9,45,1
1.79,32.6,50,0
1.75,62.4,17,1
1.06,3.4,6,0
1.76,185.1,52,0
1.68,73.1,19,1
0.94,12.6,72,0
1.68,61.1,47,1
1.71,62.9,34,1
1.52,78.1,12,0
1.68,74.5,41,1
1.76,70.6,82,1
1.83,79.7,74,1
1.82,68.7,43,1
1.49,43.0,40,1
1.53,52.6,53,1
1.29,106.0,9,0
1.08,20.9,53,0
1.65,90.0,86,1
1.82,109.5,69,1
1.65,48.6,18,1
1.86,548.7,76,0
0.60,83.2,106,0
2.35,311.7,56,0
1.55,52.3,37,1
1.56,125.0,50,0
1.70,12.0,28,0
1.80,55.2,61,1
1.35,4.8,11,0
1.65,57.1,1,0
1.64,75.7,81,1
1.07,22.7,31,0
0.65,8.2,68,0
0.98,100.1,4,0
1.92,95.8,1,0
1.77,9.1,63,0
1.78,64.4,79,1
0.79,11.4,86,0
1.69,388.3,61,0
1.94,109.1,4,0
1.53,36.4,63,1
1.70,409.7,38,0
1.69,69.3,22,1
1.66,25.8,27,0
1.11,2.3,9,0
1.78,79.5,89,1
2.21,93.8,69,0
1.53,63.5,27,1
1.83,62.5,60,1
1.09,385.5,81,0
1.07,45.5,52,0
1.66,58.9,37,1
1.55,24.9,50,0
1.63,59.0,70,1
1.63,408.7,24,0
1.62,42.9,67,1
1.45,54.8,49,1
1.74,56.6,87,1
1.01,142.6,5,0
0.45,156.0,5,0
0.05,4.7,27,0
1.55,68.0,74,1
0.75,7.9,42,0
1.61,11.9,38,0
1.58,51.9,37,1
1.81,71.8,23,1
1.53,41.2,41,1
1.79,86.0,31,1
1.73,89.1,28,1
1.39,176.2,12,0
1.86,72.3,52,1
1.45,49.9,89,1
1.64,0.5,65,0
1.71,139.1,65,0
1.21,147.3,35,0
1.61,63.6,67,1
1.82,182.6,66,0
1.84,451.4,47,0
1.70,70.7,56,1
1.70,87.6,50,1
1.75,425.0,24,0
1.87,66.0,3,0
0.16,9.9,84,0
1.69,83.6,39,1
1.90,79.0,71,1
1.64,88.9,49,1
2.83,129.6,45,0
1.88,53.8,17,1
1.75,66.1,67,1
1.76,73.9,50,1
1.69,16.8,45,0
1.73,62.3,67,1
1.48,43.4,12,1
1.56,139.3,88,0
1.75,456.2,90,0
1.28,26.9,11,1
1.77,57.4,85,1
1.20,2.5,9,0
1.29,17.8,11,0
2.99,207.8,28,0
1.78,65.0,42,1
1.86,109.2,30,1
0.80,9.7,77,0
0.93,12.4,55,0
1.75,252.5,52,0
1.57,60.9,6,0
1.62,54.0,43,1
1.80,21.6,63,0
1.66,71.1,18,1
1.27,29.1,9,1
0.67,7.1,47,0
1.92,96.5,3,0
1.06,155.9,6,0
1.55,58.0,62,1
1.65,8.5,52,0
1.66,59.6,38,1
0.79,10.5,2,1
1.12,104.2,16,0
0.64,7.1,60,0
1.27,227.0,11,0
1.56,60.1,57,1
1.70,61.7,26,1
1.74,303.0,72,0
1.63,79.6,1,0
1.67,10.3,85,0
1.67,76.4,43,1
1.03,19.2,32,0
1.52,55.9,78,1
1.64,53.1,26,1
1.71,63.1,71,1
1.61,220.3,71,0
1.69,63.2,86,1
1.63,74.6,21,1
1.40,85.2,78,0
1.66,29.2,20,0
1.73,67.2,85,1
1.74,246.8,34,0
1.93,87.1,3,0
1.56,294.1,52,0
0.68,21.3,112,0
2.00,117.9,8,0
0.77,278.0,48,0
0.67,100.4,10,0
1.45,3.5,73,0
1.75,63.0,68,1
1.66,54.6,38,1
1.61,87.8,44,1
1.67,429.4,16,0
1.59,52.0,15,1
1.65,59.0,57,1
1.77,68.0,41,1
1.86,77.4,72,1
1.55,49.0,67,1
1.65,11.6,23,0
1.64,71.2,87,1
1.66,28.6,27,0
1.03,20.3,53,0
1.72,71.6,73,1
1.58,51.5,13,1
1.46,37.6,44,1
1.36,35.9,12,1
1.60,40.8,82,0
1.65,65.7,88,1
1.50,230.1,23,0
1.43,32.0,11,1
0.85,254.8,11,0
1.49,327.4,70,0
1.74,19.5,51,0
0.84,10.6,3,1
1.72,90.4,55,1
1.57,57.1,34,1
0.80,368.6,25,0
1.73,82.0,60,1
1.66,85.9,76,1
1.54,378.3,82,0
1.87,95.1,8,0
0.95,90.3,4,0
1.64,72.6,-4,0
1.47,263.5,12,0
1.67,14.1,68,0
1.12,190.7,82,0
1.23,26.9,8,1
0.94,8.1,5,0
1.54,37.7,56,1
1.44,36.4,12,1
1.48,24.6,57,0
1.55,68.8,42,1
1.77,65.0,53,1
1.70,82.1,8,0
0.70,8.7,1,1
1.71,71.4,62,1
0.88,107.5,8,0
1.86,65.3,17,1
0.72,8.4,32,0
0.19,1.6,72,0
1.87,96.3,1,0
1.71,54.1,7,0
1.79,73.3,4,0
1.62,276.3,83,0
1.65,61.1,63,1
1.73,64.7,85,1
0.98,98.1,5,0
1.63,46.7,32,1
1.75,14.2,28,0
0.87,296.9,84,0
1.48,24.4,64,0
1.61,51.2,70,1
0.69,100.4,72,0
1.67,16.1,45,0
1.60,54.4,58,1
1.82,95.9,25,1
1.59,59.7,6,0
1.52,50.1,47,1
1.02,17.7,6,1
1.79,87.8,7,0
1.74,53.2,63,1
1.89,63.8,6,0
1.69,81.6,79,1
1.61,18.2,90,0
1.62,58.5,58,1
1.60,69.3,8,0
1.55,27.0,45,0
1.70,27.5,23,0
1.70,69.4,71,1
1.76,56.4,15,1
1.85,82.2,56,1
1.77,68.5,84,1
1.50,54.6,39,1
1.75,76.1,43,1
0.56,371.1,108,0
1.59,64.8,81,1
1.86,94.8,52,1
1.64,78.8,74,1
1.59,60.3,69,1
1.75,0.9,29,0
1.63,28.2,37,0
1.69,0.2,5,0
0.96,16.0,5,1
1.58,301.1,59,0
1.49,39.5,21,1
1.92,122.0,89,1
1.60,39.2,15,1
1.29,30.5,10,1
1.73,86.3,4,0
1.62,67.5,58,1
1.77,18.2,20,0
1.74,85.3,36,1
1.60,139.4,54,0
1.69,77.2,61,1
1.77,408.8,20,0
1.63,72.5,6,0
0.81,11.2,2,1
1.72,375.6,25,0
1.77,48.6,21,1
0.22,3.9,26,0
1.67,73.7,28,1
1.68,60.3,73,1
1.63,47.5,55,1
1.84,64.7,16,1
1.45,60.8,88,1
1.87,74.9,70,1
1.72,80.2,56,1
1.69,213.0,54,0
1.68,5.1,58,0
1.74,316.8,75,0
1.73,53.2,62,1
0.73,57.4,66,0
1.26,137.1,9,0
0.52,223.4,98,0
1.63,62.7,31,1
0.81,9.7,87,0
1.82,90.1,52,1
1.73,77.8,8,0
1.46,225.2,14,0
1.58,231.7,70,0
0.95,15.8,3,1
1.82,55.9,54,1
0.78,41.0,118,0
1.48,30.3,12,1
1.62,55.1,82,1
1.68,60.8,67,1
1.60,88.6,79,1
2.01,93.7,7,0
1.68,343.5,47,0
0.11,8.6,72,0
0.92,9.8,3,0
1.66,60.6,90,1
1.98,72.8,6,0
1.78,82.7,63,1
1.74,62.5,89,1
1.89,98.7,44,1
1.72,79.2,8,0
1.98,369.1,82,0
1.93,107.6,3,0
1.59,337.6,16,0
1.19,29.9,8,1
1.60,18.9,42,0
2.93,341.2,82,0
2.15,375.3,78,0
0.95,15.3,5,1
1.74,440.7,58,0
1.71,12.1,41,0
1.75,11.9,17,0
1.95,100.0,88,1
1.57,73.6,65,1
1.68,147.3,66,0
1.88,94.6,38,1
1.74,70.1,82,1
1.78,56.3,82,1
1.58,52.7,77,1
1.52,0.3,6,0
1.64,73.3,8,0
1.68,77.3,2,0
1.65,55.6,89,1
1.73,51.7,19,1
1.77,64.2,61,1
1.72,98.8,73,1
1.83,6.7,50,0
2.53,397.5,12,0
0.90,12.0,2,1
1.80,25.0,80,0
1.72,8.6,61,0
1.80,24.3,76,0
1.81,84.9,83,1
1.78,440.4,87,0
1.70,444.9,55,0
1.66,61.2,55,1
1.28,217.9,9,0
1.79,89.6,59,1
1.60,53.9,35,1
0.91,14.5,26,0
0.36,79.2,69,0
1.60,243.5,53,0
1.71,35.0,63,0
0.91,10.4,4,0
1.61,68.6,27,1
1.78,102.4,56,1
1.38,9.0,13,0
1.88,66.6,76,1
1.65,70.4,49,1
0.86,13.3,43,0
1.65,380.4,34,0
0.80,11.5,31,0
1.62,54.6,56,1
1.78,465.8,89,0
1.76,280.6,64,0
1.75,58.9,31,1
1.15,24.9,8,1
1.75,52.0,17,1
1.70,257.6,45,0
1.15,55.4,66,0
0.87,14.4,29,0
1.70,11.4,22,0
2.11,84.8,65,0
1.83,448.9,67,0
1.55,48.8,29,1
1.67,43.0,29,1
0.62,6.3,81,0
1.73,71.4,72,1
1.90,11.0,74,0
1.72,101.8,58,1
1.75,63.9,77,1
1.73,79.0,39,1
1.85,26.8,42,0
1.56,66.0,2,0
1.73,354.5,67,0
1.75,59.2,48,1
1.15,20.7,7,1
1.65,9.9,68,0
1.76,345.4,50,0
1.74,34.7,31,0
0.95,12.9,5,1
1.85,78.1,5,0
1.27,5.6,9,0
1.23,29.5,8,1
1.63,79.2,58,1
0.68,7.4,26,0
0.85,4.8,2,0
1.47,59.7,45,1
1.58,60.9,28,1
1.67,383.5,43,0
1.57,10.0,25,0
1.93,103.1,3,0
1.61,258.6,89,0
1.59,258.2,32,0
0.69,9.1,88,0
1.06,17.8,7,1
1.36,30.1,10,1
1.58,47.7,5,0
1.78,24.6,63,0
0.98,15.7,61,0
1.94,75.1,8,0
1.68,297.4,35,0
1.68,265.4,16,0
0.47,344.9,52,0
1.57,46.4,13,1
1.85,5.7,57,0
1.74,327.0,67,0
1.78,29.4,78,0
0.77,8.9,2,1
1.65,8.9,26,0
0.78,7.4,1,0
1.74,327.4,59,0
1.56,6.7,83,0
1.83,79.7,84,1
1.70,67.3,58,1
1.68,49.0,55,1
1.64,71.4,6,0
1.63,69.4,4,0
1.79,35.3,68,0
1.68,70.6,28,1
1.56,51.5,21,1
2.22,226.6,64,0
0.68,377.1,60,0
1.59,9.1,31,0
1.62,77.2,60,1
0.84,10.2,53,0
1.67,63.8,88,1
1.57,46.2,1,0
0.70,8.0,1,1
1.82,75.1,-6,0
1.68,232.3,32,0
1.51,63.4,56,1
1.76,93.9,71,1
1.64,138.3,74,0
1.92,97.8,4,0
1.45,278.9,79,0
1.68,72.9,55,1
0.28,7.2,64,0
1.65,82.4,39,1
1.87,67.5,7,0
0.29,12.9,7,0
1.04,17.0,30,0
1.65,34.2,56,0
1.16,6.1,8,0
1.74,52.1,17,1
1.49,48.2,26,1
1.56,70.3,72,1
2.61,249.4,60,0
0.66,6.5,57,0
1.51,62.8,63,1
1.65,81.1,64,1
1.69,53.7,57,1
2.00,88.2,3,0
1.57,25.8,47,0
1.72,74.1,89,1
1.73,255.7,59,0
0.73,62.3,1,0
1.40,23.3,10,0
1.72,345.6,36,0
1.52,58.5,30,1
1.59,46.7,80,1
1.59,39.0,52,1
1.71,78.7,4,0
1.71,72.5,19,1
0.73,10.1,25,0
1.67,371.2,88,0
1.63,59.7,5,0
1.69,144.0,37,0
1.62,51.5,8,0
1.09,17.7,67,0
1.86,251.6,89,0
1.57,53.4,0,0
1.60,15.8,67,0
1.55,326.1,67,0
1.64,68.0,26,1
1.74,22.4,29,0
1.60,16.1,15,0
1.88,122.8,54,1
1.78,87.3,37,1
1.51,54.4,66,1
1.57,226.0,59,0
0.73,397.4,19,0
1.73,13.1,87,0
1.64,34.9,38,0
1.60,27.6,48,0
1.61,72.0,3,0
1.62,49.9,79,1
1.62,63.0,50,1
1.53,349.4,71,0
1.65,69.6,40,1
1.65,59.0,30,1
1.64,5.3,69,0
0.57,162.2,77,0
1.17,22.2,9,1
1.93,95.0,1,0
1.54,43.9,12,1
1.99,86.9,2,0
1.94,66.9,2,0
1.09,4.7,6,0
1.65,60.7,77,1
1.92,13.5,109,0
1.66,19.4,90,0
0.94,16.8,4,1
1.74,15.8,72,0
1.82,395.1,34,0
0.72,7.6,71,0
1.68,4.5,33,0
1.69,331.4,44,0
0.26,9.0,36,0
1.48,255.8,13,0
1.64,77.4,3,0
1.72,73.9,86,1
1.74,15.1,65,0
1.67,64.8,51,1
0.73,8.8,53,0
1.86,172.8,30,0
1.61,61.2,48,1
1.66,399.1,23,0
1.63,14.6,42,0
1.48,25.4,41,0
0.95,2.8,4,0
1.95,70.2,5,0
1.67,69.7,33,1
1.64,424.5,31,0
1.53,13.5,70,0
1.63,70.0,47,1
1.62,63.7,42,1
0.66,8.5,76,0
0.62,6.9,46,0
1.86,59.2,7,0
1.81,160.8,86,0
1.56,64.4,-10,0
1.63,134.2,39,0
1.35,33.6,12,1
1.74,402.8,71,0
1.66,80.9,53,1
1.74,33.7,46,0
0.85,43.6,3,0
1.20,123.4,10,0
1.58,50.4,83,1
1.74,60.5,66,1
1.57,71.3,69,1
1.70,20.7,70,0
0.89,14.6,44,0
0.92,12.6,55,0
1.36,92.9,14,0
1.34,14.1,12,0
1.45,58.0,26,1
1.61,190.2,43,0
1.87,81.9,8,0
1.75,348.3,18,0
1.76,12.6,56,0
0.82,13.4,78,0
1.55,0.3,26,0
1.78,84.1,63,1
1.89,86.7,5,0
1.62,51.2,14,1
1.64,70.7,3,0
1.59,62.5,29,1
1.78,37.6,19,0
1.75,92.6,89,1
1.60,67.8,44,1
1.58,4.4,59,0
1.72,30.4,15,0
2.26,230.2,107,0
1.63,229.8,85,0
1.62,52.4,86,1
1.71,67.0,53,1
2.01,100.8,6,0
1.70,256.6,38,0
1.60,13.7,76,0
1.68,13.2,21,0
1.56,129.9,71,0
1.56,9.8,56,0
1.76,338.5,20,0
1.85,6.3,60,0
1.82,506.0,55,0
1.76,48.2,70,1
1.63,41.0,21,1
1.81,64.5,6,0
1.78,356.5,67,0
1.86,42.2,69,0
1.35,37.8,11,1
1.72,78.4,44,1
1.61,61.7,45,1
1.61,11.5,88,0
1.92,46.3,20,0
1.66,77.2,31,1
1.70,61.6,80,1
0.04,16.5,52,0
1.95,70.1,8,0
1.70,6.8,32,0
1.79,13.9,17,0
1.90,97.5,2,0
1.66,56.7,48,1
1.72,50.2,72,1
1.46,35.2,10,1
1.61,54.7,5,0
1.80,84.2,62,1
0.73,8.7,1,1
1.56,56.2,48,1
2.30,315.1,113,0
1.87,31.8,42,0
2.47,378.4,91,0
1.75,89.3,46,1
1.58,164.5,44,0
1.75,80.1,40,1
1.73,64.8,4,0
1.99,113.6,2,0
1.55,37.3,43,1
1.49,24.1,58,0
1.93,75.6,5,0
1.72,88.8,20,1
1.79,70.1,3,0
1.71,0.0,75,0
0.52,4.3,25,0
1.59,384.8,15,0
1.71,19.2,38,0
1.63,28.5,45,0
1.58,54.8,63,1
1.00,15.5,46,0
1.61,173.0,61,0
1.61,350.1,89,0
1.74,361.5,69,0
1.68,3.6,32,0
1.29,30.6,9,1
1.87,69.8,85,0
1.73,72.9,32,1
1.62,60.1,77,1
1.59,55.4,70,1
1.66,102.4,84,0
0.76,27.4,2,0
1.67,212.6,15,0
1.55,28.6,82,0
1.03,17.6,89,0
1.61,400.7,52,0
1.91,490.3,84,0
1.75,53.5,30,1
1.98,60.7,88,1
1.58,64.2,2,0
1.69,11.6,78,0
1.59,247.6,35,0
2.00,90.2,7,0
1.77,84.6,48,1
1.65,78.0,59,1
1.60,65.3,43,1
1.82,265.3,76,0
1.75,75.9,89,1
0.79,9.5,34,0
1.75,84.4,85,1
1.54,25.0,78,0
1.78,65.7,89,1
2.03,81.6,8,0
1.62,12.0,65,0
1.70,72.0,24,1
1.79,58.0,78,1
1.57,67.4,49,1
1.86,20.1,47,0
1.27,80.5,10,0
1.79,50.3,57,1
1.63,57.6,63,1
1.65,77.7,36,1
1.57,56.1,2,0
1.73,67.8,19,1
1.77,154.2,90,0
0.85,6.9,4,0
1.76,62.1,85,1
1.70,186.0,90,0
1.64,351.8,40,0
1.68,221.1,76,0
1.57,60.8,82,1
1.73,475.6,34,0
1.39,36.4,12,1
1.53,43.8,83,1
1.71,53.2,26,1
1.59,67.9,37,1
1.91,71.5,3,0
1.37,35.8,15,1
1.39,299.2,12,0
1.57,56.1,87,1
0.68,8.9,62,0
2.15,317.5,80,0
1.35,233.8,13,0
1.59,59.8,28,1
1.51,6.9,79,0
1.59,382.4,57,0
1.72,81.9,87,1
1.71,220.8,27,0
1.69,32.0,43,0
0.39,110.9,64,0
1.66,49.9,90,1
0.95,385.3,26,0
1.57,362.3,50,0
1.67,63.9,62,1
1.49,39.2,78,1
1.69,52.9,63,1
1.55,6.6,88,0
1.72,65.9,65,1
2.00,88.1,8,0
1.86,423.1,46,0
1.68,65.4,18,1
1.59,301.1,13,0
1.53,39.8,14,1
1.08,20.0,6,1
1.72,57.9,69,1
1.02,15.4,78,0
0.98,14.9,49,0
1.59,74.1,54,1
1.67,404.6,64,0
1.83,60.0,45,1
1.87,61.1,7,0
1.60,53.3,90,1
1.75,68.1,72,1
1.23,4.7,7,0
1.51,49.2,79,1
1.61,63.1,67,1
1.71,71.4,30,1
0.95,16.5,52,0
1.71,58.7,32,1
1.73,279.1,86,0
1.04,16.7,63,0
0.29,78.2,35,0
1.72,81.1,47,1
1.76,384.9,88,0
1.48,66.2,61,1
1.79,60.1,51,1
1.68,368.8,83,0
1.71,12.7,58,0
1.60,13.5,71,0
1.81,53.6,104,0
1.14,24.2,8,1
1.03,55.5,4,0
1.79,11.8,23,0
1.55,41.4,1,0
1.79,33.9,23,0
1.81,60.5,16,1
1.60,54.2,2,0
1.82,58.1,43,1
1.63,64.4,83,1
2.92,146.7,103,0
1.72,9.9,36,0
1.83,70.3,8,0
1.73,14.5,81,0
1.65,88.8,49,1
1.58,65.3,87,1
1.85,17.8,56,0
1.75,47.4,61,1
1.70,367.8,18,0
1.45,23.1,57,0
1.65,62.0,8,0
1.03,18.6,46,0
0.68,7.0,77,0
1.64,53.2,43,1
1.33,31.6,9,1
1.87,94.3,2,0
1.02,20.6,82,0
1.72,67.4,47,1
1.79,52.2,70,1
1.18,23.4,9,1
1.66,156.6,64,0
1.75,71.4,87,1
1.77,81.7,86,1
1.71,316.1,35,0
1.66,175.0,54,0
0.78,9.6,2,1
1.80,25.2,80,0
1.68,46.9,20,1
1.65,20.9,28,0
0.74,7.6,1,1
1.90,75.2,70,1
1.58,55.6,81,1
1.63,53.9,87,1
1.39,39.4,13,1
1.41,171.5,12,0
1.81,84.6,21,1
1.65,42.3,89,1
1.61,64.0,73,1
1.65,147.0,56,0
1.67,61.6,20,1
1.09,17.3,55,0
1.78,82.4,24,1
1.57,74.5,83,1
1.80,71.7,83,1
1.52,210.3,62,0
1.63,65.5,23,1
1.10,17.9,74,0
1.57,55.6,55,1
1.73,58.3,90,1
1.26,6.7,10,0
1.81,462.6,79,0
1.74,78.5,67,1
1.51,49.3,68,1
1.56,63.8,50,1
1.95,99.8,6,0
1.62,62.3,85,1
1.85,79.7,37,1
1.77,59.1,18,1
1.56,304.9,52,0
1.73,470.6,41,0
1.20,167.4,8,0
1.61,54.3,34,1
1.71,58.7,17,1
1.75,473.9,17,0
1.97,89.9,5,0
1.74,87.0,46,1
0.92,14.0,36,0
1.18,52.7,17,0
1.69,69.3,56,1
1.71,156.3,36,0
1.59,39.2,69,1
1.86,6.4,69,0
1.65,179.0,70,0
1.59,59.3,18,1
1.58,5.3,21,0
2.90,253.0,48,0
1.83,172.3,38,0
1.81,94.5,29,1
1.75,60.5,82,1
1.91,100.9,43,1
0.93,58.8,4,0
1.85,66.2,65,1
1.73,78.1,59,1
1.63,54.6,77,1
1.70,345.7,62,0
1.70,7.6,32,0
1.72,327.7,40,0
0.62,6.5,75,0
1.78,61.1,19,1
1.55,134.4,69,0
1.30,28.5,9,1
1.80,71.7,29,1
1.71,56.1,76,1
1.58,31.3,77,0
1.70,56.4,80,1
1.74,73.1,49,1
1.52,47.2,43,1
1.70,84.6,21,1
0.94,8.2,4,0
2.41,61.5,50,0
1.66,73.8,-1,0
1.90,20.5,80,0
1.70,73.8,57,1
1.70,64.9,90,1
1.03,273.3,80,0
1.54,52.9,77,1
1.70,18.0,42,0
1.83,90.9,1,0
1.61,68.4,8,0
1.57,68.9,78,1
1.65,74.1,25,1
1.73,66.2,61,1
1.52,63.3,60,1
1.75,47.4,47,1
1.73,77.3,37,1
1.64,19.8,39,0
1.92,76.0,3,0
1.72,54.5,15,1
1.70,44.9,49,1
1.76,80.1,39,1
0.74,10.4,52,0
1.65,181.4,82,0
1.63,67.7,3,0
1.72,87.5,6,0
1.84,98.6,56,1
0.97,17.7,63,0
1.73,67.4,64,1
1.69,71.0,45,1
1.67,139.6,69,0
1.78,84.3,8,0
1.27,31.2,9,1
1.52,281.5,76,0
1.85,103.4,43,1
1.72,59.4,74,1
1.64,77.9,70,1
1.04,6.3,6,0
1.48,118.2,36,0
1.65,11.1,20,0
1.60,48.4,72,1
1.55,43.4,14,1
1.24,168.4,8,0
1.62,284.3,88,0
0.95,61.9,54,0
1.72,75.2,8,0
0.86,10.9,2,1
1.73,28.3,80,0
1.70,86.8,67,1
1.38,20.0,12,0
1.93,311.9,19,0
1.61,326.3,22,0
1.63,233.6,62,0
1.73,76.1,55,1
1.34,28.4,12,1
1.68,86.5,29,1
1.03,5.6,5,0
0.73,229.0,48,0
1.69,408.4,34,0
1.80,63.0,87,1
1.70,60.6,42,1
1.68,67.0,77,1
1.79,62.9,20,1
1.94,105.9,3,0
1.81,80.7,5,0
1.60,52.2,16,1
0.65,8.3,84,0
1.57,45.0,88,1
1.65,55.0,49,1
1.69,25.9,74,0
0.96,16.7,5,1
1.86,62.7,3,0
1.66,11.4,16,0
1.53,45.8,81,1
1.67,45.1,15,1
1.69,68.3,34,1
1.79,72.9,6,0
1.62,61.8,78,1
1.69,62.7,55,1
1.65,0.4,46,0
0.98,143.6,60,0
1.60,56.2,75,1
1.93,104.8,5,0
1.66,87.0,58,1
0.83,71.2,2,0
1.72,299.4,81,0
1.70,284.1,72,0
1.54,68.0,57,1
1.91,256.2,56,0
2.06,327.6,85,0
1.30,207.1,8,0
1.76,91.3,-3,0
1.58,67.9,42,1
1.78,9.0,74,0
0.95,15.2,25,0
1.57,54.1,86,1
1.55,55.4,27,1
1.61,49.7,46,1
1.71,311.7,42,0
1.62,67.5,88,1
1.64,61.2,60,1
1.57,72.8,43,1
2.62,223.9,13,0
1.83,36.1,34,0
1.04,18.3,78,0
1.61,8.5,19,0
1.68,9.3,57,0
0.24,16.1,11,0
0.72,75.0,1,0
1.47,9.1,78,0
1.69,8.5,80,0
0.89,13.2,74,0
1.57,62.2,18,1
1.61,364.3,19,0
0.81,12.5,3,1
1.86,90.4,72,1
1.90,516.7,79,0
1.78,22.3,85,0
1.56,26.4,87,0
1.45,54.3,20,1
1.77,86.8,6,0
1.74,54.9,44,1
1.65,59.9,53,1
0.66,27.8,1,0
1.94,78.5,8,0
1.27,30.2,11,1
1.65,0.6,71,0
1.81,250.2,28,0
1.50,44.8,12,1
1.87,68.1,44,1
1.59,47.0,74,1
1.81,68.2,43,1
1.81,73.5,86,1
1.55,63.7,52,1
1.81,84.9,63,1
1.63,4.5,59,0
1.13,13.1,7,0
1.64,135.6,31,0
1.01,19.7,30,0
1.74,67.0,43,1
1.67,348.1,88,0
1.65,48.3,66,1
0.43,15.8,92,0
0.62,7.6,63,0
1.40,37.0,11,1
1.59,125.9,57,0
1.68,76.6,79,1
1.63,11.2,32,0
0.66,8.1,61,0
1.86,79.0,57,1
0.86,13.5,4,1
1.77,67.2,48,1
1.84,97.0,31,1
1.34,31.8,10,1
1.79,72.1,4,0
1.57,140.8,49,0
1.67,62.5,68,1
1.80,11.0,23,0
1.83,60.4,1,0
0.80,10.8,2,1
1.72,67.7,48,1
1.08,18.3,62,0
1.58,42.5,13,1
1.74,72.9,59,1
1.71,65.4,16,1
1.65,48.4,16,1
1.66,62.7,23,1
1.82,95.1,52,1
1.59,51.0,90,1
0.84,13.5,78,0
1.76,309.1,17,0
1.66,54.8,2,0
0.80,10.5,66,0
1.55,14.3,90,0
1.60,32.0,28,0
1.42,204.5,44,0
1.03,19.2,6,1
1.76,10.5,89,0
1.70,17.5,58,0
1.01,18.0,6,1
1.62,48.1,29,1
1.67,81.8,23,1
1.75,69.0,49,1
1.65,49.1,59,1
2.16,342.2,3,0
0.69,9.2,47,0
1.61,73.6,51,1
1.99,100.5,6,0
1.77,274.6,46,0
1.71,73.5,82,1
1.55,57.4,87,1
1.44,176.8,59,0
1.69,56.9,61,1
1.73,79.8,47,1
1.74,51.7,16,1
1.62,63.9,18,1
1.70,60.3,64,1
1.17,22.2,8,1
1.72,11.9,24,0
1.62,13.6,38,0
1.60,10.5,27,0
0.82,10.3,2,1
1.66,161.2,62,0
1.58,43.4,13,1
0.62,6.5,79,0
1.37,35.8,13,1
0.75,10.4,74,0
1.52,341.4,14,0
1.32,28.7,10,1
1.67,46.7,73,1
1.69,82.3,64,1
1.75,58.0,82,1
1.58,58.6,28,1
1.82,64.7,17,1
1.45,41.6,43,1
1.72,72.8,6,0
1.62,45.4,82,1
1.50,42.9,14,1
1.86,539.7,38,0
1.74,67.7,83,1
0.76,9.9,1,1
0.86,78.7,4,0
1.70,81.0,7,0
1.80,87.0,53,1
1.90,89.3,2,0
1.64,80.2,8,0
0.88,13.8,3,1
1.53,141.6,14,0
1.90,73.9,19,1
0.72,2.3,1,0
1.59,66.2,65,1
1.72,71.4,84,1
1.84,68.8,34,1
2.79,345.9,62,0
1.89,74.6,7,0
1.58,197.6,26,0
1.76,8.0,90,0
1.73,78.0,71,1
0.70,8.9,1,1
1.71,35.4,51,0
1.82,61.1,17,1
1.73,78.0,7,0
1.80,379.0,19,0
1.82,77.7,2,0
1.50,8.9,63,0
1.58,72.8,6,0
1.54,62.6,87,1
1.89,82.4,3,0
1.58,44.8,84,1
1.39,202.0,11,0
1.65,55.2,19,1
1.75,84.9,3,0
1.91,88.1,56,1
1.59,67.8,52,1
1.70,63.2,40,1
1.64,24.3,77,0
1.70,418.8,66,0
1.64,57.3,16,1
2.86,85.7,36,0
1.51,58.4,47,1
1.58,59.9,4,0
1.91,93.4,3,0
1.40,35.5,10,1
1.08,16.6,48,0
1.71,49.7,16,1
1.55,110.3,52,0
2.02,96.1,1,0
2.69,155.9,51,0
1.61,40.1,39,1
1.69,54.4,20,1
1.61,19.9,82,0
1.83,92.0,28,1
1.62,76.6,84,1
1.70,17.7,59,0
1.63,53.0,46,1
1.56,24.8,21,0
1.64,49.5,2,0
2.39,164.0,91,0
1.74,78.2,60,1
1.73,61.9,87,1
1.71,208.5,15,0